This file contains any messages produced by compilers while
running configure, to aid debugging if configure makes a mistake.

It was created by LibTIFF Software configure 4.0.6, which was
generated by GNU Autoconf 2.69.  Invocation command line was

  $ ./configure --host=arm-linux-gnueabihf --disable-old-jpeg --disable-pixarlog --disable-zlib --disable-jbig

## --------- ##
## Platform. ##
## --------- ##

hostname = Kubuntu
uname -m = x86_64
uname -r = 6.17.0-22-generic
uname -s = Linux
uname -v = #22-Ubuntu SMP PREEMPT_DYNAMIC Fri Mar 13 12:04:44 UTC 2026

/usr/bin/uname -p = unknown
/bin/uname -X     = unknown

/bin/arch              = x86_64
/usr/bin/arch -k       = unknown
/usr/convex/getsysinfo = unknown
/usr/bin/hostinfo      = unknown
/bin/machine           = unknown
/usr/bin/oslevel       = unknown
/bin/universe          = unknown

PATH: /home/jordan/.npm-global/bin
PATH: /home/jordan/.local/bin
PATH: /home/jordan/.config/Code/User/globalStorage/github.copilot-chat/debugCommand
PATH: /home/jordan/.config/Code/User/globalStorage/github.copilot-chat/copilotCli
PATH: /usr/lib/dotnet/dotnet
PATH: /home/jordan/.local/bin
PATH: /home/jordan/.npm-global/bin
PATH: /home/jordan/.local/bin
PATH: /usr/lib/dotnet/dotnet
PATH: /home/jordan/.local/bin
PATH: /usr/local/sbin
PATH: /usr/local/bin
PATH: /usr/sbin
PATH: /usr/bin
PATH: /sbin
PATH: /bin
PATH: /usr/games
PATH: /usr/local/games
PATH: /snap/bin
PATH: /home/jordan/.dotnet/tools


## ----------- ##
## Core tests. ##
## ----------- ##

configure:2833: checking build system type
configure:2847: result: x86_64-unknown-linux-gnu
configure:2867: checking host system type
configure:2880: result: arm-unknown-linux-gnueabihf
configure:2917: checking for a BSD-compatible install
configure:2985: result: /usr/bin/install -c
configure:2996: checking whether build environment is sane
configure:3051: result: yes
configure:3110: checking for arm-linux-gnueabihf-strip
configure:3137: result: arm-linux-gnueabihf-strip
configure:3202: checking for a thread-safe mkdir -p
configure:3241: result: config/install-sh -c -d
configure:3248: checking for gawk
configure:3278: result: no
configure:3248: checking for mawk
configure:3264: found /usr/bin/mawk
configure:3275: result: mawk
configure:3286: checking whether make sets $(MAKE)
configure:3308: result: yes
configure:3337: checking whether make supports nested variables
configure:3354: result: yes
configure:3433: checking how to create a pax tar archive
configure:3444: tar --version
tar (GNU tar) 1.35
Copyright (C) 2023 Free Software Foundation, Inc.
License GPLv3+: GNU GPL version 3 or later <https://gnu.org/licenses/gpl.html>.
This is free software: you are free to change and redistribute it.
There is NO WARRANTY, to the extent permitted by law.

Written by John Gilmore and Jay Fenlason.
configure:3447: $? = 0
configure:3487: tardir=conftest.dir && eval tar --format=posix -chf - "$tardir" >conftest.tar
configure:3490: $? = 0
configure:3494: tar -xf - <conftest.tar
configure:3497: $? = 0
configure:3499: cat conftest.dir/file
GrepMe
configure:3502: $? = 0
configure:3515: result: gnutar
configure:3566: checking whether to enable maintainer-specific portions of Makefiles
configure:3575: result: no
configure:3630: checking for arm-linux-gnueabihf-gcc
configure:3657: result: arm-linux-gnueabihf-gcc
configure:3926: checking for C compiler version
configure:3935: arm-linux-gnueabihf-gcc --version >&5
arm-linux-gnueabihf-gcc (Ubuntu 15.2.0-4ubuntu4) 15.2.0
Copyright (C) 2025 Free Software Foundation, Inc.
This is free software; see the source for copying conditions.  There is NO
warranty; not even for MERCHANTABILITY or FITNESS FOR A PARTICULAR PURPOSE.

configure:3946: $? = 0
configure:3935: arm-linux-gnueabihf-gcc -v >&5
Using built-in specs.
COLLECT_GCC=arm-linux-gnueabihf-gcc
COLLECT_LTO_WRAPPER=/usr/libexec/gcc-cross/arm-linux-gnueabihf/15/lto-wrapper
Target: arm-linux-gnueabihf
Configured with: ../src/configure -v --with-pkgversion='Ubuntu 15.2.0-4ubuntu4' --with-bugurl=file:///usr/share/doc/gcc-15/README.Bugs --enable-languages=c,ada,c++,go,d,fortran,objc,obj-c++,m2,algol68 --prefix=/usr --with-gcc-major-version-only --program-suffix=-15 --enable-shared --enable-linker-build-id --libexecdir=/usr/libexec --without-included-gettext --enable-threads=posix --libdir=/usr/lib --enable-nls --with-sysroot=/ --enable-clocale=gnu --enable-libstdcxx-debug --enable-libstdcxx-time=yes --with-default-libstdcxx-abi=new --enable-libstdcxx-backtrace --enable-gnu-unique-object --disable-libitm --disable-libquadmath --disable-libquadmath-support --enable-plugin --enable-default-pie --with-system-zlib --enable-libphobos-checking=release --without-target-system-zlib --enable-multiarch --disable-sjlj-exceptions --with-arch=armv7-a+fp --with-float=hard --with-mode=thumb --disable-werror --enable-checking=release --build=x86_64-linux-gnu --host=x86_64-linux-gnu --target=arm-linux-gnueabihf --program-prefix=arm-linux-gnueabihf- --includedir=/usr/arm-linux-gnueabihf/include --with-build-config=bootstrap-lto-lean --enable-link-serialization=2
Thread model: posix
Supported LTO compression algorithms: zlib zstd
gcc version 15.2.0 (Ubuntu 15.2.0-4ubuntu4) 
configure:3946: $? = 0
configure:3935: arm-linux-gnueabihf-gcc -V >&5
arm-linux-gnueabihf-gcc: error: unrecognized command-line option '-V'
arm-linux-gnueabihf-gcc: fatal error: no input files
compilation terminated.
configure:3946: $? = 1
configure:3935: arm-linux-gnueabihf-gcc -qversion >&5
arm-linux-gnueabihf-gcc: error: unrecognized command-line option '-qversion'; did you mean '--version'?
arm-linux-gnueabihf-gcc: fatal error: no input files
compilation terminated.
configure:3946: $? = 1
configure:3966: checking whether the C compiler works
configure:3988: arm-linux-gnueabihf-gcc    conftest.c  >&5
configure:3992: $? = 0
configure:4040: result: yes
configure:4043: checking for C compiler default output file name
configure:4045: result: a.out
configure:4051: checking for suffix of executables
configure:4058: arm-linux-gnueabihf-gcc -o conftest    conftest.c  >&5
configure:4062: $? = 0
configure:4084: result: 
configure:4106: checking whether we are cross compiling
configure:4114: arm-linux-gnueabihf-gcc -o conftest    conftest.c  >&5
configure:4118: $? = 0
configure:4125: ./conftest
./configure: line 4127: ./conftest: cannot execute binary file: Exec format error
configure:4129: $? = 126
configure:4144: result: yes
configure:4149: checking for suffix of object files
configure:4171: arm-linux-gnueabihf-gcc -c   conftest.c >&5
configure:4175: $? = 0
configure:4196: result: o
configure:4200: checking whether we are using the GNU C compiler
configure:4219: arm-linux-gnueabihf-gcc -c   conftest.c >&5
configure:4219: $? = 0
configure:4228: result: yes
configure:4237: checking whether arm-linux-gnueabihf-gcc accepts -g
configure:4257: arm-linux-gnueabihf-gcc -c -g  conftest.c >&5
configure:4257: $? = 0
configure:4298: result: yes
configure:4315: checking for arm-linux-gnueabihf-gcc option to accept ISO C89
configure:4378: arm-linux-gnueabihf-gcc  -c   conftest.c >&5
conftest.c: In function 'e':
conftest.c:17:14: warning: old-style function definition [-Wold-style-definition]
   17 | static char *e (p, i)
      |              ^
configure:4378: $? = 0
configure:4391: result: none needed
configure:4416: checking whether arm-linux-gnueabihf-gcc understands -c and -o together
configure:4438: arm-linux-gnueabihf-gcc -c conftest.c -o conftest2.o
configure:4441: $? = 0
configure:4438: arm-linux-gnueabihf-gcc -c conftest.c -o conftest2.o
configure:4441: $? = 0
configure:4453: result: yes
configure:4481: checking for style of include used by make
configure:4509: result: GNU
configure:4535: checking dependency style of arm-linux-gnueabihf-gcc
configure:4646: result: gcc3
configure:4670: checking for C compiler warning flags
configure:4762: result: -Wall -W
configure:4767: checking whether ln -s works
configure:4774: result: no, using ln
configure:4781: checking for cmake
configure:4799: found /usr/bin/cmake
configure:4811: result: /usr/bin/cmake
configure:4929: checking how to print strings
configure:4956: result: printf
configure:4977: checking for a sed that does not truncate output
configure:5041: result: /usr/bin/sed
configure:5059: checking for grep that handles long lines and -e
configure:5117: result: /usr/bin/grep
configure:5122: checking for egrep
configure:5184: result: /usr/bin/grep -E
configure:5189: checking for fgrep
configure:5251: result: /usr/bin/grep -F
configure:5286: checking for ld used by arm-linux-gnueabihf-gcc
configure:5353: result: /usr/arm-linux-gnueabihf/bin/ld
configure:5360: checking if the linker (/usr/arm-linux-gnueabihf/bin/ld) is GNU ld
configure:5375: result: yes
configure:5387: checking for BSD- or MS-compatible name lister (nm)
configure:5441: result: /usr/bin/arm-linux-gnueabihf-nm -B
configure:5571: checking the name lister (/usr/bin/arm-linux-gnueabihf-nm -B) interface
configure:5578: arm-linux-gnueabihf-gcc -c  -Wall -W  conftest.c >&5
configure:5581: /usr/bin/arm-linux-gnueabihf-nm -B "conftest.o"
configure:5584: output
00000000 B some_variable
configure:5591: result: BSD nm
configure:5595: checking the maximum length of command line arguments
configure:5726: result: 1572864
configure:5774: checking how to convert x86_64-unknown-linux-gnu file names to arm-unknown-linux-gnueabihf format
configure:5814: result: func_convert_file_noop
configure:5821: checking how to convert x86_64-unknown-linux-gnu file names to toolchain format
configure:5841: result: func_convert_file_noop
configure:5848: checking for /usr/arm-linux-gnueabihf/bin/ld option to reload object files
configure:5855: result: -r
configure:5889: checking for arm-linux-gnueabihf-objdump
configure:5905: found /usr/bin/arm-linux-gnueabihf-objdump
configure:5916: result: arm-linux-gnueabihf-objdump
configure:5985: checking how to recognize dependent libraries
configure:6185: result: pass_all
configure:6230: checking for arm-linux-gnueabihf-dlltool
configure:6260: result: no
configure:6270: checking for dlltool
configure:6300: result: no
configure:6327: checking how to associate runtime and link libraries
configure:6354: result: printf %s\n
configure:6370: checking for arm-linux-gnueabihf-ar
configure:6397: result: arm-linux-gnueabihf-ar
configure:6478: checking for archiver @FILE support
configure:6495: arm-linux-gnueabihf-gcc -c  -Wall -W  conftest.c >&5
configure:6495: $? = 0
configure:6498: arm-linux-gnueabihf-ar cru libconftest.a @conftest.lst >&5
arm-linux-gnueabihf-ar: `u' modifier ignored since `D' is the default (see `U')
configure:6501: $? = 0
configure:6506: arm-linux-gnueabihf-ar cru libconftest.a @conftest.lst >&5
arm-linux-gnueabihf-ar: `u' modifier ignored since `D' is the default (see `U')
arm-linux-gnueabihf-ar: conftest.o: No such file or directory
configure:6509: $? = 1
configure:6521: result: @
configure:6539: checking for arm-linux-gnueabihf-strip
configure:6566: result: arm-linux-gnueabihf-strip
configure:6638: checking for arm-linux-gnueabihf-ranlib
configure:6665: result: arm-linux-gnueabihf-ranlib
configure:6807: checking command to parse /usr/bin/arm-linux-gnueabihf-nm -B output from arm-linux-gnueabihf-gcc object
configure:6960: arm-linux-gnueabihf-gcc -c  -Wall -W  conftest.c >&5
configure:6963: $? = 0
configure:6967: /usr/bin/arm-linux-gnueabihf-nm -B conftest.o \| sed -n -e 's/^.*[ ]\([ABCDGIRSTW][ABCDGIRSTW]*\)[ ][ ]*\([_A-Za-z][_A-Za-z0-9]*\)$/\1 \2 \2/p' | sed '/ __gnu_lto/d' \> conftest.nm
configure:6970: $? = 0
configure:7036: arm-linux-gnueabihf-gcc -o conftest  -Wall -W   conftest.c conftstm.o >&5
configure:7039: $? = 0
configure:7077: result: ok
configure:7124: checking for sysroot
configure:7154: result: no
configure:7161: checking for a working dd
configure:7199: result: /usr/bin/dd
configure:7203: checking how to truncate binary pipes
configure:7218: result: /usr/bin/dd bs=4096 count=1
configure:7507: checking for arm-linux-gnueabihf-mt
configure:7537: result: no
configure:7547: checking for mt
configure:7563: found /usr/bin/mt
configure:7574: result: mt
configure:7586: WARNING: using cross tools not prefixed with host triplet
configure:7597: checking if mt is a manifest tool
configure:7603: mt '-?'
configure:7611: result: no
configure:8288: checking how to run the C preprocessor
configure:8319: arm-linux-gnueabihf-gcc -E  conftest.c
configure:8319: $? = 0
configure:8333: arm-linux-gnueabihf-gcc -E  conftest.c
conftest.c:11:10: fatal error: ac_nonexistent.h: No such file or directory
   11 | #include <ac_nonexistent.h>
      |          ^~~~~~~~~~~~~~~~~~
compilation terminated.
configure:8333: $? = 1
configure: failed program was:
| /* confdefs.h */
| #define PACKAGE_NAME "LibTIFF Software"
| #define PACKAGE_TARNAME "tiff"
| #define PACKAGE_VERSION "4.0.6"
| #define PACKAGE_STRING "LibTIFF Software 4.0.6"
| #define PACKAGE_BUGREPORT "tiff@lists.maptools.org"
| #define PACKAGE_URL ""
| #define PACKAGE "tiff"
| #define VERSION "4.0.6"
| /* end confdefs.h.  */
| #include <ac_nonexistent.h>
configure:8358: result: arm-linux-gnueabihf-gcc -E
configure:8378: arm-linux-gnueabihf-gcc -E  conftest.c
configure:8378: $? = 0
configure:8392: arm-linux-gnueabihf-gcc -E  conftest.c
conftest.c:11:10: fatal error: ac_nonexistent.h: No such file or directory
   11 | #include <ac_nonexistent.h>
      |          ^~~~~~~~~~~~~~~~~~
compilation terminated.
configure:8392: $? = 1
configure: failed program was:
| /* confdefs.h */
| #define PACKAGE_NAME "LibTIFF Software"
| #define PACKAGE_TARNAME "tiff"
| #define PACKAGE_VERSION "4.0.6"
| #define PACKAGE_STRING "LibTIFF Software 4.0.6"
| #define PACKAGE_BUGREPORT "tiff@lists.maptools.org"
| #define PACKAGE_URL ""
| #define PACKAGE "tiff"
| #define VERSION "4.0.6"
| /* end confdefs.h.  */
| #include <ac_nonexistent.h>
configure:8421: checking for ANSI C header files
configure:8441: arm-linux-gnueabihf-gcc -c  -Wall -W  conftest.c >&5
configure:8441: $? = 0
configure:8525: result: yes
configure:8538: checking for sys/types.h
configure:8538: arm-linux-gnueabihf-gcc -c  -Wall -W  conftest.c >&5
configure:8538: $? = 0
configure:8538: result: yes
configure:8538: checking for sys/stat.h
configure:8538: arm-linux-gnueabihf-gcc -c  -Wall -W  conftest.c >&5
configure:8538: $? = 0
configure:8538: result: yes
configure:8538: checking for stdlib.h
configure:8538: arm-linux-gnueabihf-gcc -c  -Wall -W  conftest.c >&5
configure:8538: $? = 0
configure:8538: result: yes
configure:8538: checking for string.h
configure:8538: arm-linux-gnueabihf-gcc -c  -Wall -W  conftest.c >&5
configure:8538: $? = 0
configure:8538: result: yes
configure:8538: checking for memory.h
configure:8538: arm-linux-gnueabihf-gcc -c  -Wall -W  conftest.c >&5
configure:8538: $? = 0
configure:8538: result: yes
configure:8538: checking for strings.h
configure:8538: arm-linux-gnueabihf-gcc -c  -Wall -W  conftest.c >&5
configure:8538: $? = 0
configure:8538: result: yes
configure:8538: checking for inttypes.h
configure:8538: arm-linux-gnueabihf-gcc -c  -Wall -W  conftest.c >&5
configure:8538: $? = 0
configure:8538: result: yes
configure:8538: checking for stdint.h
configure:8538: arm-linux-gnueabihf-gcc -c  -Wall -W  conftest.c >&5
configure:8538: $? = 0
configure:8538: result: yes
configure:8538: checking for unistd.h
configure:8538: arm-linux-gnueabihf-gcc -c  -Wall -W  conftest.c >&5
configure:8538: $? = 0
configure:8538: result: yes
configure:8552: checking for dlfcn.h
configure:8552: arm-linux-gnueabihf-gcc -c  -Wall -W  conftest.c >&5
configure:8552: $? = 0
configure:8552: result: yes
configure:9106: checking for objdir
configure:9121: result: .libs
configure:9385: checking if arm-linux-gnueabihf-gcc supports -fno-rtti -fno-exceptions
configure:9403: arm-linux-gnueabihf-gcc -c  -Wall -W  -fno-rtti -fno-exceptions conftest.c >&5
cc1: warning: command-line option '-fno-rtti' is valid for C++/D/ObjC++ but not for C
configure:9407: $? = 0
configure:9420: result: no
configure:9778: checking for arm-linux-gnueabihf-gcc option to produce PIC
configure:9785: result: -fPIC -DPIC
configure:9793: checking if arm-linux-gnueabihf-gcc PIC flag -fPIC -DPIC works
configure:9811: arm-linux-gnueabihf-gcc -c  -Wall -W  -fPIC -DPIC -DPIC conftest.c >&5
configure:9815: $? = 0
configure:9828: result: yes
configure:9857: checking if arm-linux-gnueabihf-gcc static flag -static works
configure:9885: result: yes
configure:9900: checking if arm-linux-gnueabihf-gcc supports -c -o file.o
configure:9921: arm-linux-gnueabihf-gcc -c  -Wall -W  -o out/conftest2.o conftest.c >&5
configure:9925: $? = 0
configure:9947: result: yes
configure:9955: checking if arm-linux-gnueabihf-gcc supports -c -o file.o
configure:10002: result: yes
configure:10035: checking whether the arm-linux-gnueabihf-gcc linker (/usr/arm-linux-gnueabihf/bin/ld) supports shared libraries
configure:11294: result: yes
configure:11331: checking whether -lc should be explicitly linked in
configure:11339: arm-linux-gnueabihf-gcc -c  -Wall -W  conftest.c >&5
configure:11342: $? = 0
configure:11357: arm-linux-gnueabihf-gcc -shared  -fPIC -DPIC conftest.o  -v -Wl,-soname -Wl,conftest -o conftest 2\>\&1 \| /usr/bin/grep  -lc  \>/dev/null 2\>\&1
configure:11360: $? = 0
configure:11374: result: no
configure:11534: checking dynamic linker characteristics
configure:12115: arm-linux-gnueabihf-gcc -o conftest  -Wall -W   -Wl,-rpath -Wl,/foo conftest.c  >&5
configure:12115: $? = 0
configure:12352: result: GNU/Linux ld.so
configure:12474: checking how to hardcode library paths into programs
configure:12499: result: immediate
configure:13047: checking whether stripping libraries is possible
configure:13052: result: yes
configure:13087: checking if libtool supports shared libraries
configure:13089: result: yes
configure:13092: checking whether to build shared libraries
configure:13117: result: yes
configure:13120: checking whether to build static libraries
configure:13124: result: yes
configure:13273: checking for C++ compiler version
configure:13282: arm-linux-gnueabihf-g++ --version >&5
arm-linux-gnueabihf-g++ (Ubuntu 15.2.0-4ubuntu4) 15.2.0
Copyright (C) 2025 Free Software Foundation, Inc.
This is free software; see the source for copying conditions.  There is NO
warranty; not even for MERCHANTABILITY or FITNESS FOR A PARTICULAR PURPOSE.

configure:13293: $? = 0
configure:13282: arm-linux-gnueabihf-g++ -v >&5
Using built-in specs.
COLLECT_GCC=arm-linux-gnueabihf-g++
COLLECT_LTO_WRAPPER=/usr/libexec/gcc-cross/arm-linux-gnueabihf/15/lto-wrapper
Target: arm-linux-gnueabihf
Configured with: ../src/configure -v --with-pkgversion='Ubuntu 15.2.0-4ubuntu4' --with-bugurl=file:///usr/share/doc/gcc-15/README.Bugs --enable-languages=c,ada,c++,go,d,fortran,objc,obj-c++,m2,algol68 --prefix=/usr --with-gcc-major-version-only --program-suffix=-15 --enable-shared --enable-linker-build-id --libexecdir=/usr/libexec --without-included-gettext --enable-threads=posix --libdir=/usr/lib --enable-nls --with-sysroot=/ --enable-clocale=gnu --enable-libstdcxx-debug --enable-libstdcxx-time=yes --with-default-libstdcxx-abi=new --enable-libstdcxx-backtrace --enable-gnu-unique-object --disable-libitm --disable-libquadmath --disable-libquadmath-support --enable-plugin --enable-default-pie --with-system-zlib --enable-libphobos-checking=release --without-target-system-zlib --enable-multiarch --disable-sjlj-exceptions --with-arch=armv7-a+fp --with-float=hard --with-mode=thumb --disable-werror --enable-checking=release --build=x86_64-linux-gnu --host=x86_64-linux-gnu --target=arm-linux-gnueabihf --program-prefix=arm-linux-gnueabihf- --includedir=/usr/arm-linux-gnueabihf/include --with-build-config=bootstrap-lto-lean --enable-link-serialization=2
Thread model: posix
Supported LTO compression algorithms: zlib zstd
gcc version 15.2.0 (Ubuntu 15.2.0-4ubuntu4) 
configure:13293: $? = 0
configure:13282: arm-linux-gnueabihf-g++ -V >&5
arm-linux-gnueabihf-g++: error: unrecognized command-line option '-V'
arm-linux-gnueabihf-g++: fatal error: no input files
compilation terminated.
configure:13293: $? = 1
configure:13282: arm-linux-gnueabihf-g++ -qversion >&5
arm-linux-gnueabihf-g++: error: unrecognized command-line option '-qversion'; did you mean '--version'?
arm-linux-gnueabihf-g++: fatal error: no input files
compilation terminated.
configure:13293: $? = 1
configure:13297: checking whether we are using the GNU C++ compiler
configure:13316: arm-linux-gnueabihf-g++ -c   conftest.cpp >&5
configure:13316: $? = 0
configure:13325: result: yes
configure:13334: checking whether arm-linux-gnueabihf-g++ accepts -g
configure:13354: arm-linux-gnueabihf-g++ -c -g  conftest.cpp >&5
configure:13354: $? = 0
configure:13395: result: yes
configure:13420: checking dependency style of arm-linux-gnueabihf-g++
configure:13531: result: gcc3
configure:13565: checking how to run the C++ preprocessor
configure:13592: arm-linux-gnueabihf-g++ -E  conftest.cpp
configure:13592: $? = 0
configure:13606: arm-linux-gnueabihf-g++ -E  conftest.cpp
conftest.cpp:23:10: fatal error: ac_nonexistent.h: No such file or directory
   23 | #include <ac_nonexistent.h>
      |          ^~~~~~~~~~~~~~~~~~
compilation terminated.
configure:13606: $? = 1
configure: failed program was:
| /* confdefs.h */
| #define PACKAGE_NAME "LibTIFF Software"
| #define PACKAGE_TARNAME "tiff"
| #define PACKAGE_VERSION "4.0.6"
| #define PACKAGE_STRING "LibTIFF Software 4.0.6"
| #define PACKAGE_BUGREPORT "tiff@lists.maptools.org"
| #define PACKAGE_URL ""
| #define PACKAGE "tiff"
| #define VERSION "4.0.6"
| #define STDC_HEADERS 1
| #define HAVE_SYS_TYPES_H 1
| #define HAVE_SYS_STAT_H 1
| #define HAVE_STDLIB_H 1
| #define HAVE_STRING_H 1
| #define HAVE_MEMORY_H 1
| #define HAVE_STRINGS_H 1
| #define HAVE_INTTYPES_H 1
| #define HAVE_STDINT_H 1
| #define HAVE_UNISTD_H 1
| #define HAVE_DLFCN_H 1
| #define LT_OBJDIR ".libs/"
| /* end confdefs.h.  */
| #include <ac_nonexistent.h>
configure:13631: result: arm-linux-gnueabihf-g++ -E
configure:13651: arm-linux-gnueabihf-g++ -E  conftest.cpp
configure:13651: $? = 0
configure:13665: arm-linux-gnueabihf-g++ -E  conftest.cpp
conftest.cpp:23:10: fatal error: ac_nonexistent.h: No such file or directory
   23 | #include <ac_nonexistent.h>
      |          ^~~~~~~~~~~~~~~~~~
compilation terminated.
configure:13665: $? = 1
configure: failed program was:
| /* confdefs.h */
| #define PACKAGE_NAME "LibTIFF Software"
| #define PACKAGE_TARNAME "tiff"
| #define PACKAGE_VERSION "4.0.6"
| #define PACKAGE_STRING "LibTIFF Software 4.0.6"
| #define PACKAGE_BUGREPORT "tiff@lists.maptools.org"
| #define PACKAGE_URL ""
| #define PACKAGE "tiff"
| #define VERSION "4.0.6"
| #define STDC_HEADERS 1
| #define HAVE_SYS_TYPES_H 1
| #define HAVE_SYS_STAT_H 1
| #define HAVE_STDLIB_H 1
| #define HAVE_STRING_H 1
| #define HAVE_MEMORY_H 1
| #define HAVE_STRINGS_H 1
| #define HAVE_INTTYPES_H 1
| #define HAVE_STDINT_H 1
| #define HAVE_UNISTD_H 1
| #define HAVE_DLFCN_H 1
| #define LT_OBJDIR ".libs/"
| /* end confdefs.h.  */
| #include <ac_nonexistent.h>
configure:13827: checking for ld used by arm-linux-gnueabihf-g++
configure:13894: result: /usr/arm-linux-gnueabihf/bin/ld
configure:13901: checking if the linker (/usr/arm-linux-gnueabihf/bin/ld) is GNU ld
configure:13916: result: yes
configure:13971: checking whether the arm-linux-gnueabihf-g++ linker (/usr/arm-linux-gnueabihf/bin/ld) supports shared libraries
configure:15044: result: yes
configure:15080: arm-linux-gnueabihf-g++ -c -g -O2  conftest.cpp >&5
configure:15083: $? = 0
configure:15564: checking for arm-linux-gnueabihf-g++ option to produce PIC
configure:15571: result: -fPIC -DPIC
configure:15579: checking if arm-linux-gnueabihf-g++ PIC flag -fPIC -DPIC works
configure:15597: arm-linux-gnueabihf-g++ -c -g -O2  -fPIC -DPIC -DPIC conftest.cpp >&5
configure:15601: $? = 0
configure:15614: result: yes
configure:15637: checking if arm-linux-gnueabihf-g++ static flag -static works
configure:15665: result: yes
configure:15677: checking if arm-linux-gnueabihf-g++ supports -c -o file.o
configure:15698: arm-linux-gnueabihf-g++ -c -g -O2  -o out/conftest2.o conftest.cpp >&5
configure:15702: $? = 0
configure:15724: result: yes
configure:15729: checking if arm-linux-gnueabihf-g++ supports -c -o file.o
configure:15776: result: yes
configure:15806: checking whether the arm-linux-gnueabihf-g++ linker (/usr/arm-linux-gnueabihf/bin/ld) supports shared libraries
configure:15846: result: yes
configure:15987: checking dynamic linker characteristics
configure:16732: result: GNU/Linux ld.so
configure:16797: checking how to hardcode library paths into programs
configure:16822: result: immediate
configure:16875: checking whether make supports nested variables
configure:16892: result: yes
configure:16911: checking for sin in -lm
configure:16936: arm-linux-gnueabihf-gcc -o conftest  -Wall -W   conftest.c -lm   >&5
conftest.c:30:6: warning: conflicting types for built-in function 'sin'; expected 'double(double)' [-Wbuiltin-declaration-mismatch]
   30 | char sin ();
      |      ^~~
conftest.c:1:1: note: 'sin' is declared in header '<math.h>'
    1 | /* confdefs.h */
configure:16936: $? = 0
configure:16945: result: yes
configure:16963: checking assert.h usability
configure:16963: arm-linux-gnueabihf-gcc -c  -Wall -W  conftest.c >&5
configure:16963: $? = 0
configure:16963: result: yes
configure:16963: checking assert.h presence
configure:16963: arm-linux-gnueabihf-gcc -E  conftest.c
configure:16963: $? = 0
configure:16963: result: yes
configure:16963: checking for assert.h
configure:16963: result: yes
configure:16963: checking fcntl.h usability
configure:16963: arm-linux-gnueabihf-gcc -c  -Wall -W  conftest.c >&5
configure:16963: $? = 0
configure:16963: result: yes
configure:16963: checking fcntl.h presence
configure:16963: arm-linux-gnueabihf-gcc -E  conftest.c
configure:16963: $? = 0
configure:16963: result: yes
configure:16963: checking for fcntl.h
configure:16963: result: yes
configure:16963: checking io.h usability
configure:16963: arm-linux-gnueabihf-gcc -c  -Wall -W  conftest.c >&5
conftest.c:58:10: fatal error: io.h: No such file or directory
   58 | #include <io.h>
      |          ^~~~~~
compilation terminated.
configure:16963: $? = 1
configure: failed program was:
| /* confdefs.h */
| #define PACKAGE_NAME "LibTIFF Software"
| #define PACKAGE_TARNAME "tiff"
| #define PACKAGE_VERSION "4.0.6"
| #define PACKAGE_STRING "LibTIFF Software 4.0.6"
| #define PACKAGE_BUGREPORT "tiff@lists.maptools.org"
| #define PACKAGE_URL ""
| #define PACKAGE "tiff"
| #define VERSION "4.0.6"
| #define STDC_HEADERS 1
| #define HAVE_SYS_TYPES_H 1
| #define HAVE_SYS_STAT_H 1
| #define HAVE_STDLIB_H 1
| #define HAVE_STRING_H 1
| #define HAVE_MEMORY_H 1
| #define HAVE_STRINGS_H 1
| #define HAVE_INTTYPES_H 1
| #define HAVE_STDINT_H 1
| #define HAVE_UNISTD_H 1
| #define HAVE_DLFCN_H 1
| #define LT_OBJDIR ".libs/"
| #define HAVE_ASSERT_H 1
| #define HAVE_FCNTL_H 1
| /* end confdefs.h.  */
| #include <stdio.h>
| #ifdef HAVE_SYS_TYPES_H
| # include <sys/types.h>
| #endif
| #ifdef HAVE_SYS_STAT_H
| # include <sys/stat.h>
| #endif
| #ifdef STDC_HEADERS
| # include <stdlib.h>
| # include <stddef.h>
| #else
| # ifdef HAVE_STDLIB_H
| #  include <stdlib.h>
| # endif
| #endif
| #ifdef HAVE_STRING_H
| # if !defined STDC_HEADERS && defined HAVE_MEMORY_H
| #  include <memory.h>
| # endif
| # include <string.h>
| #endif
| #ifdef HAVE_STRINGS_H
| # include <strings.h>
| #endif
| #ifdef HAVE_INTTYPES_H
| # include <inttypes.h>
| #endif
| #ifdef HAVE_STDINT_H
| # include <stdint.h>
| #endif
| #ifdef HAVE_UNISTD_H
| # include <unistd.h>
| #endif
| #include <io.h>
configure:16963: result: no
configure:16963: checking io.h presence
configure:16963: arm-linux-gnueabihf-gcc -E  conftest.c
conftest.c:25:10: fatal error: io.h: No such file or directory
   25 | #include <io.h>
      |          ^~~~~~
compilation terminated.
configure:16963: $? = 1
configure: failed program was:
| /* confdefs.h */
| #define PACKAGE_NAME "LibTIFF Software"
| #define PACKAGE_TARNAME "tiff"
| #define PACKAGE_VERSION "4.0.6"
| #define PACKAGE_STRING "LibTIFF Software 4.0.6"
| #define PACKAGE_BUGREPORT "tiff@lists.maptools.org"
| #define PACKAGE_URL ""
| #define PACKAGE "tiff"
| #define VERSION "4.0.6"
| #define STDC_HEADERS 1
| #define HAVE_SYS_TYPES_H 1
| #define HAVE_SYS_STAT_H 1
| #define HAVE_STDLIB_H 1
| #define HAVE_STRING_H 1
| #define HAVE_MEMORY_H 1
| #define HAVE_STRINGS_H 1
| #define HAVE_INTTYPES_H 1
| #define HAVE_STDINT_H 1
| #define HAVE_UNISTD_H 1
| #define HAVE_DLFCN_H 1
| #define LT_OBJDIR ".libs/"
| #define HAVE_ASSERT_H 1
| #define HAVE_FCNTL_H 1
| /* end confdefs.h.  */
| #include <io.h>
configure:16963: result: no
configure:16963: checking for io.h
configure:16963: result: no
configure:16963: checking limits.h usability
configure:16963: arm-linux-gnueabihf-gcc -c  -Wall -W  conftest.c >&5
configure:16963: $? = 0
configure:16963: result: yes
configure:16963: checking limits.h presence
configure:16963: arm-linux-gnueabihf-gcc -E  conftest.c
configure:16963: $? = 0
configure:16963: result: yes
configure:16963: checking for limits.h
configure:16963: result: yes
configure:16963: checking malloc.h usability
configure:16963: arm-linux-gnueabihf-gcc -c  -Wall -W  conftest.c >&5
configure:16963: $? = 0
configure:16963: result: yes
configure:16963: checking malloc.h presence
configure:16963: arm-linux-gnueabihf-gcc -E  conftest.c
configure:16963: $? = 0
configure:16963: result: yes
configure:16963: checking for malloc.h
configure:16963: result: yes
configure:16963: checking search.h usability
configure:16963: arm-linux-gnueabihf-gcc -c  -Wall -W  conftest.c >&5
configure:16963: $? = 0
configure:16963: result: yes
configure:16963: checking search.h presence
configure:16963: arm-linux-gnueabihf-gcc -E  conftest.c
configure:16963: $? = 0
configure:16963: result: yes
configure:16963: checking for search.h
configure:16963: result: yes
configure:16963: checking sys/time.h usability
configure:16963: arm-linux-gnueabihf-gcc -c  -Wall -W  conftest.c >&5
configure:16963: $? = 0
configure:16963: result: yes
configure:16963: checking sys/time.h presence
configure:16963: arm-linux-gnueabihf-gcc -E  conftest.c
configure:16963: $? = 0
configure:16963: result: yes
configure:16963: checking for sys/time.h
configure:16963: result: yes
configure:16963: checking for unistd.h
configure:16963: result: yes
configure:16974: checking for an ANSI C-conforming const
configure:17040: arm-linux-gnueabihf-gcc -c  -Wall -W  conftest.c >&5
configure:17040: $? = 0
configure:17047: result: yes
configure:17055: checking for inline
configure:17071: arm-linux-gnueabihf-gcc -c  -Wall -W  conftest.c >&5
configure:17071: $? = 0
configure:17079: result: inline
configure:17097: checking whether byte ordering is bigendian
configure:17112: arm-linux-gnueabihf-gcc -c  -Wall -W  conftest.c >&5
conftest.c:31:16: error: unknown type name 'not'
   31 |                not a universal capable compiler
      |                ^~~
conftest.c:31:22: error: expected '=', ',', ';', 'asm' or '__attribute__' before 'universal'
   31 |                not a universal capable compiler
      |                      ^~~~~~~~~
conftest.c:31:22: error: unknown type name 'universal'
configure:17112: $? = 1
configure: failed program was:
| /* confdefs.h */
| #define PACKAGE_NAME "LibTIFF Software"
| #define PACKAGE_TARNAME "tiff"
| #define PACKAGE_VERSION "4.0.6"
| #define PACKAGE_STRING "LibTIFF Software 4.0.6"
| #define PACKAGE_BUGREPORT "tiff@lists.maptools.org"
| #define PACKAGE_URL ""
| #define PACKAGE "tiff"
| #define VERSION "4.0.6"
| #define STDC_HEADERS 1
| #define HAVE_SYS_TYPES_H 1
| #define HAVE_SYS_STAT_H 1
| #define HAVE_STDLIB_H 1
| #define HAVE_STRING_H 1
| #define HAVE_MEMORY_H 1
| #define HAVE_STRINGS_H 1
| #define HAVE_INTTYPES_H 1
| #define HAVE_STDINT_H 1
| #define HAVE_UNISTD_H 1
| #define HAVE_DLFCN_H 1
| #define LT_OBJDIR ".libs/"
| #define HAVE_ASSERT_H 1
| #define HAVE_FCNTL_H 1
| #define HAVE_LIMITS_H 1
| #define HAVE_MALLOC_H 1
| #define HAVE_SEARCH_H 1
| #define HAVE_SYS_TIME_H 1
| #define HAVE_UNISTD_H 1
| /* end confdefs.h.  */
| #ifndef __APPLE_CC__
| 	       not a universal capable compiler
| 	     #endif
| 	     typedef int dummy;
| 
configure:17157: arm-linux-gnueabihf-gcc -c  -Wall -W  conftest.c >&5
configure:17157: $? = 0
configure:17175: arm-linux-gnueabihf-gcc -c  -Wall -W  conftest.c >&5
conftest.c: In function 'main':
conftest.c:37:18: error: unknown type name 'not'; did you mean 'ino_t'?
   37 |                  not big endian
      |                  ^~~
      |                  ino_t
conftest.c:37:26: error: expected '=', ',', ';', 'asm' or '__attribute__' before 'endian'
   37 |                  not big endian
      |                          ^~~~~~
configure:17175: $? = 1
configure: failed program was:
| /* confdefs.h */
| #define PACKAGE_NAME "LibTIFF Software"
| #define PACKAGE_TARNAME "tiff"
| #define PACKAGE_VERSION "4.0.6"
| #define PACKAGE_STRING "LibTIFF Software 4.0.6"
| #define PACKAGE_BUGREPORT "tiff@lists.maptools.org"
| #define PACKAGE_URL ""
| #define PACKAGE "tiff"
| #define VERSION "4.0.6"
| #define STDC_HEADERS 1
| #define HAVE_SYS_TYPES_H 1
| #define HAVE_SYS_STAT_H 1
| #define HAVE_STDLIB_H 1
| #define HAVE_STRING_H 1
| #define HAVE_MEMORY_H 1
| #define HAVE_STRINGS_H 1
| #define HAVE_INTTYPES_H 1
| #define HAVE_STDINT_H 1
| #define HAVE_UNISTD_H 1
| #define HAVE_DLFCN_H 1
| #define LT_OBJDIR ".libs/"
| #define HAVE_ASSERT_H 1
| #define HAVE_FCNTL_H 1
| #define HAVE_LIMITS_H 1
| #define HAVE_MALLOC_H 1
| #define HAVE_SEARCH_H 1
| #define HAVE_SYS_TIME_H 1
| #define HAVE_UNISTD_H 1
| /* end confdefs.h.  */
| #include <sys/types.h>
| 		#include <sys/param.h>
| 
| int
| main ()
| {
| #if BYTE_ORDER != BIG_ENDIAN
| 		 not big endian
| 		#endif
| 
|   ;
|   return 0;
| }
configure:17303: result: no
configure:17321: checking for off_t
configure:17321: arm-linux-gnueabihf-gcc -c  -Wall -W  conftest.c >&5
configure:17321: $? = 0
configure:17321: arm-linux-gnueabihf-gcc -c  -Wall -W  conftest.c >&5
conftest.c: In function 'main':
conftest.c:66:20: error: expected expression before ')' token
   66 | if (sizeof ((off_t)))
      |                    ^
configure:17321: $? = 1
configure: failed program was:
| /* confdefs.h */
| #define PACKAGE_NAME "LibTIFF Software"
| #define PACKAGE_TARNAME "tiff"
| #define PACKAGE_VERSION "4.0.6"
| #define PACKAGE_STRING "LibTIFF Software 4.0.6"
| #define PACKAGE_BUGREPORT "tiff@lists.maptools.org"
| #define PACKAGE_URL ""
| #define PACKAGE "tiff"
| #define VERSION "4.0.6"
| #define STDC_HEADERS 1
| #define HAVE_SYS_TYPES_H 1
| #define HAVE_SYS_STAT_H 1
| #define HAVE_STDLIB_H 1
| #define HAVE_STRING_H 1
| #define HAVE_MEMORY_H 1
| #define HAVE_STRINGS_H 1
| #define HAVE_INTTYPES_H 1
| #define HAVE_STDINT_H 1
| #define HAVE_UNISTD_H 1
| #define HAVE_DLFCN_H 1
| #define LT_OBJDIR ".libs/"
| #define HAVE_ASSERT_H 1
| #define HAVE_FCNTL_H 1
| #define HAVE_LIMITS_H 1
| #define HAVE_MALLOC_H 1
| #define HAVE_SEARCH_H 1
| #define HAVE_SYS_TIME_H 1
| #define HAVE_UNISTD_H 1
| /* end confdefs.h.  */
| #include <stdio.h>
| #ifdef HAVE_SYS_TYPES_H
| # include <sys/types.h>
| #endif
| #ifdef HAVE_SYS_STAT_H
| # include <sys/stat.h>
| #endif
| #ifdef STDC_HEADERS
| # include <stdlib.h>
| # include <stddef.h>
| #else
| # ifdef HAVE_STDLIB_H
| #  include <stdlib.h>
| # endif
| #endif
| #ifdef HAVE_STRING_H
| # if !defined STDC_HEADERS && defined HAVE_MEMORY_H
| #  include <memory.h>
| # endif
| # include <string.h>
| #endif
| #ifdef HAVE_STRINGS_H
| # include <strings.h>
| #endif
| #ifdef HAVE_INTTYPES_H
| # include <inttypes.h>
| #endif
| #ifdef HAVE_STDINT_H
| # include <stdint.h>
| #endif
| #ifdef HAVE_UNISTD_H
| # include <unistd.h>
| #endif
| int
| main ()
| {
| if (sizeof ((off_t)))
| 	    return 0;
|   ;
|   return 0;
| }
configure:17321: result: yes
configure:17332: checking for size_t
configure:17332: arm-linux-gnueabihf-gcc -c  -Wall -W  conftest.c >&5
configure:17332: $? = 0
configure:17332: arm-linux-gnueabihf-gcc -c  -Wall -W  conftest.c >&5
conftest.c: In function 'main':
conftest.c:66:21: error: expected expression before ')' token
   66 | if (sizeof ((size_t)))
      |                     ^
configure:17332: $? = 1
configure: failed program was:
| /* confdefs.h */
| #define PACKAGE_NAME "LibTIFF Software"
| #define PACKAGE_TARNAME "tiff"
| #define PACKAGE_VERSION "4.0.6"
| #define PACKAGE_STRING "LibTIFF Software 4.0.6"
| #define PACKAGE_BUGREPORT "tiff@lists.maptools.org"
| #define PACKAGE_URL ""
| #define PACKAGE "tiff"
| #define VERSION "4.0.6"
| #define STDC_HEADERS 1
| #define HAVE_SYS_TYPES_H 1
| #define HAVE_SYS_STAT_H 1
| #define HAVE_STDLIB_H 1
| #define HAVE_STRING_H 1
| #define HAVE_MEMORY_H 1
| #define HAVE_STRINGS_H 1
| #define HAVE_INTTYPES_H 1
| #define HAVE_STDINT_H 1
| #define HAVE_UNISTD_H 1
| #define HAVE_DLFCN_H 1
| #define LT_OBJDIR ".libs/"
| #define HAVE_ASSERT_H 1
| #define HAVE_FCNTL_H 1
| #define HAVE_LIMITS_H 1
| #define HAVE_MALLOC_H 1
| #define HAVE_SEARCH_H 1
| #define HAVE_SYS_TIME_H 1
| #define HAVE_UNISTD_H 1
| /* end confdefs.h.  */
| #include <stdio.h>
| #ifdef HAVE_SYS_TYPES_H
| # include <sys/types.h>
| #endif
| #ifdef HAVE_SYS_STAT_H
| # include <sys/stat.h>
| #endif
| #ifdef STDC_HEADERS
| # include <stdlib.h>
| # include <stddef.h>
| #else
| # ifdef HAVE_STDLIB_H
| #  include <stdlib.h>
| # endif
| #endif
| #ifdef HAVE_STRING_H
| # if !defined STDC_HEADERS && defined HAVE_MEMORY_H
| #  include <memory.h>
| # endif
| # include <string.h>
| #endif
| #ifdef HAVE_STRINGS_H
| # include <strings.h>
| #endif
| #ifdef HAVE_INTTYPES_H
| # include <inttypes.h>
| #endif
| #ifdef HAVE_STDINT_H
| # include <stdint.h>
| #endif
| #ifdef HAVE_UNISTD_H
| # include <unistd.h>
| #endif
| int
| main ()
| {
| if (sizeof ((size_t)))
| 	    return 0;
|   ;
|   return 0;
| }
configure:17332: result: yes
configure:17343: checking whether time.h and sys/time.h may both be included
configure:17363: arm-linux-gnueabihf-gcc -c  -Wall -W  conftest.c >&5
configure:17363: $? = 0
configure:17370: result: yes
configure:17378: checking whether struct tm is in sys/time.h or time.h
configure:17398: arm-linux-gnueabihf-gcc -c  -Wall -W  conftest.c >&5
configure:17398: $? = 0
configure:17405: result: time.h
configure:17414: checking for _LARGEFILE_SOURCE value needed for large files
configure:17433: arm-linux-gnueabihf-gcc -o conftest  -Wall -W   conftest.c -lm  >&5
configure:17433: $? = 0
configure:17461: result: no
configure:17483: checking whether optarg is declared
configure:17483: arm-linux-gnueabihf-gcc -c  -Wall -W  conftest.c >&5
configure:17483: $? = 0
configure:17483: result: yes
configure:17501: checking size of signed short
configure:17506: arm-linux-gnueabihf-gcc -c  -Wall -W  conftest.c >&5
configure:17506: $? = 0
configure:17506: arm-linux-gnueabihf-gcc -c  -Wall -W  conftest.c >&5
conftest.c: In function 'main':
conftest.c:69:12: error: size of array 'test_array' is negative
   69 | static int test_array [1 - 2 * !(((long int) (sizeof (signed short))) <= 0)];
      |            ^~~~~~~~~~
configure:17506: $? = 1
configure: failed program was:
| /* confdefs.h */
| #define PACKAGE_NAME "LibTIFF Software"
| #define PACKAGE_TARNAME "tiff"
| #define PACKAGE_VERSION "4.0.6"
| #define PACKAGE_STRING "LibTIFF Software 4.0.6"
| #define PACKAGE_BUGREPORT "tiff@lists.maptools.org"
| #define PACKAGE_URL ""
| #define PACKAGE "tiff"
| #define VERSION "4.0.6"
| #define STDC_HEADERS 1
| #define HAVE_SYS_TYPES_H 1
| #define HAVE_SYS_STAT_H 1
| #define HAVE_STDLIB_H 1
| #define HAVE_STRING_H 1
| #define HAVE_MEMORY_H 1
| #define HAVE_STRINGS_H 1
| #define HAVE_INTTYPES_H 1
| #define HAVE_STDINT_H 1
| #define HAVE_UNISTD_H 1
| #define HAVE_DLFCN_H 1
| #define LT_OBJDIR ".libs/"
| #define HAVE_ASSERT_H 1
| #define HAVE_FCNTL_H 1
| #define HAVE_LIMITS_H 1
| #define HAVE_MALLOC_H 1
| #define HAVE_SEARCH_H 1
| #define HAVE_SYS_TIME_H 1
| #define HAVE_UNISTD_H 1
| #define TIME_WITH_SYS_TIME 1
| #define HAVE_FSEEKO 1
| #define HAVE_DECL_OPTARG 1
| /* end confdefs.h.  */
| #include <stdio.h>
| #ifdef HAVE_SYS_TYPES_H
| # include <sys/types.h>
| #endif
| #ifdef HAVE_SYS_STAT_H
| # include <sys/stat.h>
| #endif
| #ifdef STDC_HEADERS
| # include <stdlib.h>
| # include <stddef.h>
| #else
| # ifdef HAVE_STDLIB_H
| #  include <stdlib.h>
| # endif
| #endif
| #ifdef HAVE_STRING_H
| # if !defined STDC_HEADERS && defined HAVE_MEMORY_H
| #  include <memory.h>
| # endif
| # include <string.h>
| #endif
| #ifdef HAVE_STRINGS_H
| # include <strings.h>
| #endif
| #ifdef HAVE_INTTYPES_H
| # include <inttypes.h>
| #endif
| #ifdef HAVE_STDINT_H
| # include <stdint.h>
| #endif
| #ifdef HAVE_UNISTD_H
| # include <unistd.h>
| #endif
| int
| main ()
| {
| static int test_array [1 - 2 * !(((long int) (sizeof (signed short))) <= 0)];
| test_array [0] = 0;
| return test_array [0];
| 
|   ;
|   return 0;
| }
configure:17506: arm-linux-gnueabihf-gcc -c  -Wall -W  conftest.c >&5
conftest.c: In function 'main':
conftest.c:69:12: error: size of array 'test_array' is negative
   69 | static int test_array [1 - 2 * !(((long int) (sizeof (signed short))) <= 1)];
      |            ^~~~~~~~~~
configure:17506: $? = 1
configure: failed program was:
| /* confdefs.h */
| #define PACKAGE_NAME "LibTIFF Software"
| #define PACKAGE_TARNAME "tiff"
| #define PACKAGE_VERSION "4.0.6"
| #define PACKAGE_STRING "LibTIFF Software 4.0.6"
| #define PACKAGE_BUGREPORT "tiff@lists.maptools.org"
| #define PACKAGE_URL ""
| #define PACKAGE "tiff"
| #define VERSION "4.0.6"
| #define STDC_HEADERS 1
| #define HAVE_SYS_TYPES_H 1
| #define HAVE_SYS_STAT_H 1
| #define HAVE_STDLIB_H 1
| #define HAVE_STRING_H 1
| #define HAVE_MEMORY_H 1
| #define HAVE_STRINGS_H 1
| #define HAVE_INTTYPES_H 1
| #define HAVE_STDINT_H 1
| #define HAVE_UNISTD_H 1
| #define HAVE_DLFCN_H 1
| #define LT_OBJDIR ".libs/"
| #define HAVE_ASSERT_H 1
| #define HAVE_FCNTL_H 1
| #define HAVE_LIMITS_H 1
| #define HAVE_MALLOC_H 1
| #define HAVE_SEARCH_H 1
| #define HAVE_SYS_TIME_H 1
| #define HAVE_UNISTD_H 1
| #define TIME_WITH_SYS_TIME 1
| #define HAVE_FSEEKO 1
| #define HAVE_DECL_OPTARG 1
| /* end confdefs.h.  */
| #include <stdio.h>
| #ifdef HAVE_SYS_TYPES_H
| # include <sys/types.h>
| #endif
| #ifdef HAVE_SYS_STAT_H
| # include <sys/stat.h>
| #endif
| #ifdef STDC_HEADERS
| # include <stdlib.h>
| # include <stddef.h>
| #else
| # ifdef HAVE_STDLIB_H
| #  include <stdlib.h>
| # endif
| #endif
| #ifdef HAVE_STRING_H
| # if !defined STDC_HEADERS && defined HAVE_MEMORY_H
| #  include <memory.h>
| # endif
| # include <string.h>
| #endif
| #ifdef HAVE_STRINGS_H
| # include <strings.h>
| #endif
| #ifdef HAVE_INTTYPES_H
| # include <inttypes.h>
| #endif
| #ifdef HAVE_STDINT_H
| # include <stdint.h>
| #endif
| #ifdef HAVE_UNISTD_H
| # include <unistd.h>
| #endif
| int
| main ()
| {
| static int test_array [1 - 2 * !(((long int) (sizeof (signed short))) <= 1)];
| test_array [0] = 0;
| return test_array [0];
| 
|   ;
|   return 0;
| }
configure:17506: arm-linux-gnueabihf-gcc -c  -Wall -W  conftest.c >&5
configure:17506: $? = 0
configure:17506: arm-linux-gnueabihf-gcc -c  -Wall -W  conftest.c >&5
configure:17506: $? = 0
configure:17520: result: 2
configure:17536: checking size of unsigned short
configure:17541: arm-linux-gnueabihf-gcc -c  -Wall -W  conftest.c >&5
configure:17541: $? = 0
configure:17541: arm-linux-gnueabihf-gcc -c  -Wall -W  conftest.c >&5
conftest.c: In function 'main':
conftest.c:70:12: error: size of array 'test_array' is negative
   70 | static int test_array [1 - 2 * !(((long int) (sizeof (unsigned short))) <= 0)];
      |            ^~~~~~~~~~
configure:17541: $? = 1
configure: failed program was:
| /* confdefs.h */
| #define PACKAGE_NAME "LibTIFF Software"
| #define PACKAGE_TARNAME "tiff"
| #define PACKAGE_VERSION "4.0.6"
| #define PACKAGE_STRING "LibTIFF Software 4.0.6"
| #define PACKAGE_BUGREPORT "tiff@lists.maptools.org"
| #define PACKAGE_URL ""
| #define PACKAGE "tiff"
| #define VERSION "4.0.6"
| #define STDC_HEADERS 1
| #define HAVE_SYS_TYPES_H 1
| #define HAVE_SYS_STAT_H 1
| #define HAVE_STDLIB_H 1
| #define HAVE_STRING_H 1
| #define HAVE_MEMORY_H 1
| #define HAVE_STRINGS_H 1
| #define HAVE_INTTYPES_H 1
| #define HAVE_STDINT_H 1
| #define HAVE_UNISTD_H 1
| #define HAVE_DLFCN_H 1
| #define LT_OBJDIR ".libs/"
| #define HAVE_ASSERT_H 1
| #define HAVE_FCNTL_H 1
| #define HAVE_LIMITS_H 1
| #define HAVE_MALLOC_H 1
| #define HAVE_SEARCH_H 1
| #define HAVE_SYS_TIME_H 1
| #define HAVE_UNISTD_H 1
| #define TIME_WITH_SYS_TIME 1
| #define HAVE_FSEEKO 1
| #define HAVE_DECL_OPTARG 1
| #define SIZEOF_SIGNED_SHORT 2
| /* end confdefs.h.  */
| #include <stdio.h>
| #ifdef HAVE_SYS_TYPES_H
| # include <sys/types.h>
| #endif
| #ifdef HAVE_SYS_STAT_H
| # include <sys/stat.h>
| #endif
| #ifdef STDC_HEADERS
| # include <stdlib.h>
| # include <stddef.h>
| #else
| # ifdef HAVE_STDLIB_H
| #  include <stdlib.h>
| # endif
| #endif
| #ifdef HAVE_STRING_H
| # if !defined STDC_HEADERS && defined HAVE_MEMORY_H
| #  include <memory.h>
| # endif
| # include <string.h>
| #endif
| #ifdef HAVE_STRINGS_H
| # include <strings.h>
| #endif
| #ifdef HAVE_INTTYPES_H
| # include <inttypes.h>
| #endif
| #ifdef HAVE_STDINT_H
| # include <stdint.h>
| #endif
| #ifdef HAVE_UNISTD_H
| # include <unistd.h>
| #endif
| int
| main ()
| {
| static int test_array [1 - 2 * !(((long int) (sizeof (unsigned short))) <= 0)];
| test_array [0] = 0;
| return test_array [0];
| 
|   ;
|   return 0;
| }
configure:17541: arm-linux-gnueabihf-gcc -c  -Wall -W  conftest.c >&5
conftest.c: In function 'main':
conftest.c:70:12: error: size of array 'test_array' is negative
   70 | static int test_array [1 - 2 * !(((long int) (sizeof (unsigned short))) <= 1)];
      |            ^~~~~~~~~~
configure:17541: $? = 1
configure: failed program was:
| /* confdefs.h */
| #define PACKAGE_NAME "LibTIFF Software"
| #define PACKAGE_TARNAME "tiff"
| #define PACKAGE_VERSION "4.0.6"
| #define PACKAGE_STRING "LibTIFF Software 4.0.6"
| #define PACKAGE_BUGREPORT "tiff@lists.maptools.org"
| #define PACKAGE_URL ""
| #define PACKAGE "tiff"
| #define VERSION "4.0.6"
| #define STDC_HEADERS 1
| #define HAVE_SYS_TYPES_H 1
| #define HAVE_SYS_STAT_H 1
| #define HAVE_STDLIB_H 1
| #define HAVE_STRING_H 1
| #define HAVE_MEMORY_H 1
| #define HAVE_STRINGS_H 1
| #define HAVE_INTTYPES_H 1
| #define HAVE_STDINT_H 1
| #define HAVE_UNISTD_H 1
| #define HAVE_DLFCN_H 1
| #define LT_OBJDIR ".libs/"
| #define HAVE_ASSERT_H 1
| #define HAVE_FCNTL_H 1
| #define HAVE_LIMITS_H 1
| #define HAVE_MALLOC_H 1
| #define HAVE_SEARCH_H 1
| #define HAVE_SYS_TIME_H 1
| #define HAVE_UNISTD_H 1
| #define TIME_WITH_SYS_TIME 1
| #define HAVE_FSEEKO 1
| #define HAVE_DECL_OPTARG 1
| #define SIZEOF_SIGNED_SHORT 2
| /* end confdefs.h.  */
| #include <stdio.h>
| #ifdef HAVE_SYS_TYPES_H
| # include <sys/types.h>
| #endif
| #ifdef HAVE_SYS_STAT_H
| # include <sys/stat.h>
| #endif
| #ifdef STDC_HEADERS
| # include <stdlib.h>
| # include <stddef.h>
| #else
| # ifdef HAVE_STDLIB_H
| #  include <stdlib.h>
| # endif
| #endif
| #ifdef HAVE_STRING_H
| # if !defined STDC_HEADERS && defined HAVE_MEMORY_H
| #  include <memory.h>
| # endif
| # include <string.h>
| #endif
| #ifdef HAVE_STRINGS_H
| # include <strings.h>
| #endif
| #ifdef HAVE_INTTYPES_H
| # include <inttypes.h>
| #endif
| #ifdef HAVE_STDINT_H
| # include <stdint.h>
| #endif
| #ifdef HAVE_UNISTD_H
| # include <unistd.h>
| #endif
| int
| main ()
| {
| static int test_array [1 - 2 * !(((long int) (sizeof (unsigned short))) <= 1)];
| test_array [0] = 0;
| return test_array [0];
| 
|   ;
|   return 0;
| }
configure:17541: arm-linux-gnueabihf-gcc -c  -Wall -W  conftest.c >&5
configure:17541: $? = 0
configure:17541: arm-linux-gnueabihf-gcc -c  -Wall -W  conftest.c >&5
configure:17541: $? = 0
configure:17555: result: 2
configure:17571: checking size of signed int
configure:17576: arm-linux-gnueabihf-gcc -c  -Wall -W  conftest.c >&5
configure:17576: $? = 0
configure:17576: arm-linux-gnueabihf-gcc -c  -Wall -W  conftest.c >&5
conftest.c: In function 'main':
conftest.c:71:12: error: size of array 'test_array' is negative
   71 | static int test_array [1 - 2 * !(((long int) (sizeof (signed int))) <= 0)];
      |            ^~~~~~~~~~
configure:17576: $? = 1
configure: failed program was:
| /* confdefs.h */
| #define PACKAGE_NAME "LibTIFF Software"
| #define PACKAGE_TARNAME "tiff"
| #define PACKAGE_VERSION "4.0.6"
| #define PACKAGE_STRING "LibTIFF Software 4.0.6"
| #define PACKAGE_BUGREPORT "tiff@lists.maptools.org"
| #define PACKAGE_URL ""
| #define PACKAGE "tiff"
| #define VERSION "4.0.6"
| #define STDC_HEADERS 1
| #define HAVE_SYS_TYPES_H 1
| #define HAVE_SYS_STAT_H 1
| #define HAVE_STDLIB_H 1
| #define HAVE_STRING_H 1
| #define HAVE_MEMORY_H 1
| #define HAVE_STRINGS_H 1
| #define HAVE_INTTYPES_H 1
| #define HAVE_STDINT_H 1
| #define HAVE_UNISTD_H 1
| #define HAVE_DLFCN_H 1
| #define LT_OBJDIR ".libs/"
| #define HAVE_ASSERT_H 1
| #define HAVE_FCNTL_H 1
| #define HAVE_LIMITS_H 1
| #define HAVE_MALLOC_H 1
| #define HAVE_SEARCH_H 1
| #define HAVE_SYS_TIME_H 1
| #define HAVE_UNISTD_H 1
| #define TIME_WITH_SYS_TIME 1
| #define HAVE_FSEEKO 1
| #define HAVE_DECL_OPTARG 1
| #define SIZEOF_SIGNED_SHORT 2
| #define SIZEOF_UNSIGNED_SHORT 2
| /* end confdefs.h.  */
| #include <stdio.h>
| #ifdef HAVE_SYS_TYPES_H
| # include <sys/types.h>
| #endif
| #ifdef HAVE_SYS_STAT_H
| # include <sys/stat.h>
| #endif
| #ifdef STDC_HEADERS
| # include <stdlib.h>
| # include <stddef.h>
| #else
| # ifdef HAVE_STDLIB_H
| #  include <stdlib.h>
| # endif
| #endif
| #ifdef HAVE_STRING_H
| # if !defined STDC_HEADERS && defined HAVE_MEMORY_H
| #  include <memory.h>
| # endif
| # include <string.h>
| #endif
| #ifdef HAVE_STRINGS_H
| # include <strings.h>
| #endif
| #ifdef HAVE_INTTYPES_H
| # include <inttypes.h>
| #endif
| #ifdef HAVE_STDINT_H
| # include <stdint.h>
| #endif
| #ifdef HAVE_UNISTD_H
| # include <unistd.h>
| #endif
| int
| main ()
| {
| static int test_array [1 - 2 * !(((long int) (sizeof (signed int))) <= 0)];
| test_array [0] = 0;
| return test_array [0];
| 
|   ;
|   return 0;
| }
configure:17576: arm-linux-gnueabihf-gcc -c  -Wall -W  conftest.c >&5
conftest.c: In function 'main':
conftest.c:71:12: error: size of array 'test_array' is negative
   71 | static int test_array [1 - 2 * !(((long int) (sizeof (signed int))) <= 1)];
      |            ^~~~~~~~~~
configure:17576: $? = 1
configure: failed program was:
| /* confdefs.h */
| #define PACKAGE_NAME "LibTIFF Software"
| #define PACKAGE_TARNAME "tiff"
| #define PACKAGE_VERSION "4.0.6"
| #define PACKAGE_STRING "LibTIFF Software 4.0.6"
| #define PACKAGE_BUGREPORT "tiff@lists.maptools.org"
| #define PACKAGE_URL ""
| #define PACKAGE "tiff"
| #define VERSION "4.0.6"
| #define STDC_HEADERS 1
| #define HAVE_SYS_TYPES_H 1
| #define HAVE_SYS_STAT_H 1
| #define HAVE_STDLIB_H 1
| #define HAVE_STRING_H 1
| #define HAVE_MEMORY_H 1
| #define HAVE_STRINGS_H 1
| #define HAVE_INTTYPES_H 1
| #define HAVE_STDINT_H 1
| #define HAVE_UNISTD_H 1
| #define HAVE_DLFCN_H 1
| #define LT_OBJDIR ".libs/"
| #define HAVE_ASSERT_H 1
| #define HAVE_FCNTL_H 1
| #define HAVE_LIMITS_H 1
| #define HAVE_MALLOC_H 1
| #define HAVE_SEARCH_H 1
| #define HAVE_SYS_TIME_H 1
| #define HAVE_UNISTD_H 1
| #define TIME_WITH_SYS_TIME 1
| #define HAVE_FSEEKO 1
| #define HAVE_DECL_OPTARG 1
| #define SIZEOF_SIGNED_SHORT 2
| #define SIZEOF_UNSIGNED_SHORT 2
| /* end confdefs.h.  */
| #include <stdio.h>
| #ifdef HAVE_SYS_TYPES_H
| # include <sys/types.h>
| #endif
| #ifdef HAVE_SYS_STAT_H
| # include <sys/stat.h>
| #endif
| #ifdef STDC_HEADERS
| # include <stdlib.h>
| # include <stddef.h>
| #else
| # ifdef HAVE_STDLIB_H
| #  include <stdlib.h>
| # endif
| #endif
| #ifdef HAVE_STRING_H
| # if !defined STDC_HEADERS && defined HAVE_MEMORY_H
| #  include <memory.h>
| # endif
| # include <string.h>
| #endif
| #ifdef HAVE_STRINGS_H
| # include <strings.h>
| #endif
| #ifdef HAVE_INTTYPES_H
| # include <inttypes.h>
| #endif
| #ifdef HAVE_STDINT_H
| # include <stdint.h>
| #endif
| #ifdef HAVE_UNISTD_H
| # include <unistd.h>
| #endif
| int
| main ()
| {
| static int test_array [1 - 2 * !(((long int) (sizeof (signed int))) <= 1)];
| test_array [0] = 0;
| return test_array [0];
| 
|   ;
|   return 0;
| }
configure:17576: arm-linux-gnueabihf-gcc -c  -Wall -W  conftest.c >&5
conftest.c: In function 'main':
conftest.c:71:12: error: size of array 'test_array' is negative
   71 | static int test_array [1 - 2 * !(((long int) (sizeof (signed int))) <= 3)];
      |            ^~~~~~~~~~
configure:17576: $? = 1
configure: failed program was:
| /* confdefs.h */
| #define PACKAGE_NAME "LibTIFF Software"
| #define PACKAGE_TARNAME "tiff"
| #define PACKAGE_VERSION "4.0.6"
| #define PACKAGE_STRING "LibTIFF Software 4.0.6"
| #define PACKAGE_BUGREPORT "tiff@lists.maptools.org"
| #define PACKAGE_URL ""
| #define PACKAGE "tiff"
| #define VERSION "4.0.6"
| #define STDC_HEADERS 1
| #define HAVE_SYS_TYPES_H 1
| #define HAVE_SYS_STAT_H 1
| #define HAVE_STDLIB_H 1
| #define HAVE_STRING_H 1
| #define HAVE_MEMORY_H 1
| #define HAVE_STRINGS_H 1
| #define HAVE_INTTYPES_H 1
| #define HAVE_STDINT_H 1
| #define HAVE_UNISTD_H 1
| #define HAVE_DLFCN_H 1
| #define LT_OBJDIR ".libs/"
| #define HAVE_ASSERT_H 1
| #define HAVE_FCNTL_H 1
| #define HAVE_LIMITS_H 1
| #define HAVE_MALLOC_H 1
| #define HAVE_SEARCH_H 1
| #define HAVE_SYS_TIME_H 1
| #define HAVE_UNISTD_H 1
| #define TIME_WITH_SYS_TIME 1
| #define HAVE_FSEEKO 1
| #define HAVE_DECL_OPTARG 1
| #define SIZEOF_SIGNED_SHORT 2
| #define SIZEOF_UNSIGNED_SHORT 2
| /* end confdefs.h.  */
| #include <stdio.h>
| #ifdef HAVE_SYS_TYPES_H
| # include <sys/types.h>
| #endif
| #ifdef HAVE_SYS_STAT_H
| # include <sys/stat.h>
| #endif
| #ifdef STDC_HEADERS
| # include <stdlib.h>
| # include <stddef.h>
| #else
| # ifdef HAVE_STDLIB_H
| #  include <stdlib.h>
| # endif
| #endif
| #ifdef HAVE_STRING_H
| # if !defined STDC_HEADERS && defined HAVE_MEMORY_H
| #  include <memory.h>
| # endif
| # include <string.h>
| #endif
| #ifdef HAVE_STRINGS_H
| # include <strings.h>
| #endif
| #ifdef HAVE_INTTYPES_H
| # include <inttypes.h>
| #endif
| #ifdef HAVE_STDINT_H
| # include <stdint.h>
| #endif
| #ifdef HAVE_UNISTD_H
| # include <unistd.h>
| #endif
| int
| main ()
| {
| static int test_array [1 - 2 * !(((long int) (sizeof (signed int))) <= 3)];
| test_array [0] = 0;
| return test_array [0];
| 
|   ;
|   return 0;
| }
configure:17576: arm-linux-gnueabihf-gcc -c  -Wall -W  conftest.c >&5
configure:17576: $? = 0
configure:17576: arm-linux-gnueabihf-gcc -c  -Wall -W  conftest.c >&5
configure:17576: $? = 0
configure:17576: arm-linux-gnueabihf-gcc -c  -Wall -W  conftest.c >&5
configure:17576: $? = 0
configure:17590: result: 4
configure:17606: checking size of unsigned int
configure:17611: arm-linux-gnueabihf-gcc -c  -Wall -W  conftest.c >&5
configure:17611: $? = 0
configure:17611: arm-linux-gnueabihf-gcc -c  -Wall -W  conftest.c >&5
conftest.c: In function 'main':
conftest.c:72:12: error: size of array 'test_array' is negative
   72 | static int test_array [1 - 2 * !(((long int) (sizeof (unsigned int))) <= 0)];
      |            ^~~~~~~~~~
configure:17611: $? = 1
configure: failed program was:
| /* confdefs.h */
| #define PACKAGE_NAME "LibTIFF Software"
| #define PACKAGE_TARNAME "tiff"
| #define PACKAGE_VERSION "4.0.6"
| #define PACKAGE_STRING "LibTIFF Software 4.0.6"
| #define PACKAGE_BUGREPORT "tiff@lists.maptools.org"
| #define PACKAGE_URL ""
| #define PACKAGE "tiff"
| #define VERSION "4.0.6"
| #define STDC_HEADERS 1
| #define HAVE_SYS_TYPES_H 1
| #define HAVE_SYS_STAT_H 1
| #define HAVE_STDLIB_H 1
| #define HAVE_STRING_H 1
| #define HAVE_MEMORY_H 1
| #define HAVE_STRINGS_H 1
| #define HAVE_INTTYPES_H 1
| #define HAVE_STDINT_H 1
| #define HAVE_UNISTD_H 1
| #define HAVE_DLFCN_H 1
| #define LT_OBJDIR ".libs/"
| #define HAVE_ASSERT_H 1
| #define HAVE_FCNTL_H 1
| #define HAVE_LIMITS_H 1
| #define HAVE_MALLOC_H 1
| #define HAVE_SEARCH_H 1
| #define HAVE_SYS_TIME_H 1
| #define HAVE_UNISTD_H 1
| #define TIME_WITH_SYS_TIME 1
| #define HAVE_FSEEKO 1
| #define HAVE_DECL_OPTARG 1
| #define SIZEOF_SIGNED_SHORT 2
| #define SIZEOF_UNSIGNED_SHORT 2
| #define SIZEOF_SIGNED_INT 4
| /* end confdefs.h.  */
| #include <stdio.h>
| #ifdef HAVE_SYS_TYPES_H
| # include <sys/types.h>
| #endif
| #ifdef HAVE_SYS_STAT_H
| # include <sys/stat.h>
| #endif
| #ifdef STDC_HEADERS
| # include <stdlib.h>
| # include <stddef.h>
| #else
| # ifdef HAVE_STDLIB_H
| #  include <stdlib.h>
| # endif
| #endif
| #ifdef HAVE_STRING_H
| # if !defined STDC_HEADERS && defined HAVE_MEMORY_H
| #  include <memory.h>
| # endif
| # include <string.h>
| #endif
| #ifdef HAVE_STRINGS_H
| # include <strings.h>
| #endif
| #ifdef HAVE_INTTYPES_H
| # include <inttypes.h>
| #endif
| #ifdef HAVE_STDINT_H
| # include <stdint.h>
| #endif
| #ifdef HAVE_UNISTD_H
| # include <unistd.h>
| #endif
| int
| main ()
| {
| static int test_array [1 - 2 * !(((long int) (sizeof (unsigned int))) <= 0)];
| test_array [0] = 0;
| return test_array [0];
| 
|   ;
|   return 0;
| }
configure:17611: arm-linux-gnueabihf-gcc -c  -Wall -W  conftest.c >&5
conftest.c: In function 'main':
conftest.c:72:12: error: size of array 'test_array' is negative
   72 | static int test_array [1 - 2 * !(((long int) (sizeof (unsigned int))) <= 1)];
      |            ^~~~~~~~~~
configure:17611: $? = 1
configure: failed program was:
| /* confdefs.h */
| #define PACKAGE_NAME "LibTIFF Software"
| #define PACKAGE_TARNAME "tiff"
| #define PACKAGE_VERSION "4.0.6"
| #define PACKAGE_STRING "LibTIFF Software 4.0.6"
| #define PACKAGE_BUGREPORT "tiff@lists.maptools.org"
| #define PACKAGE_URL ""
| #define PACKAGE "tiff"
| #define VERSION "4.0.6"
| #define STDC_HEADERS 1
| #define HAVE_SYS_TYPES_H 1
| #define HAVE_SYS_STAT_H 1
| #define HAVE_STDLIB_H 1
| #define HAVE_STRING_H 1
| #define HAVE_MEMORY_H 1
| #define HAVE_STRINGS_H 1
| #define HAVE_INTTYPES_H 1
| #define HAVE_STDINT_H 1
| #define HAVE_UNISTD_H 1
| #define HAVE_DLFCN_H 1
| #define LT_OBJDIR ".libs/"
| #define HAVE_ASSERT_H 1
| #define HAVE_FCNTL_H 1
| #define HAVE_LIMITS_H 1
| #define HAVE_MALLOC_H 1
| #define HAVE_SEARCH_H 1
| #define HAVE_SYS_TIME_H 1
| #define HAVE_UNISTD_H 1
| #define TIME_WITH_SYS_TIME 1
| #define HAVE_FSEEKO 1
| #define HAVE_DECL_OPTARG 1
| #define SIZEOF_SIGNED_SHORT 2
| #define SIZEOF_UNSIGNED_SHORT 2
| #define SIZEOF_SIGNED_INT 4
| /* end confdefs.h.  */
| #include <stdio.h>
| #ifdef HAVE_SYS_TYPES_H
| # include <sys/types.h>
| #endif
| #ifdef HAVE_SYS_STAT_H
| # include <sys/stat.h>
| #endif
| #ifdef STDC_HEADERS
| # include <stdlib.h>
| # include <stddef.h>
| #else
| # ifdef HAVE_STDLIB_H
| #  include <stdlib.h>
| # endif
| #endif
| #ifdef HAVE_STRING_H
| # if !defined STDC_HEADERS && defined HAVE_MEMORY_H
| #  include <memory.h>
| # endif
| # include <string.h>
| #endif
| #ifdef HAVE_STRINGS_H
| # include <strings.h>
| #endif
| #ifdef HAVE_INTTYPES_H
| # include <inttypes.h>
| #endif
| #ifdef HAVE_STDINT_H
| # include <stdint.h>
| #endif
| #ifdef HAVE_UNISTD_H
| # include <unistd.h>
| #endif
| int
| main ()
| {
| static int test_array [1 - 2 * !(((long int) (sizeof (unsigned int))) <= 1)];
| test_array [0] = 0;
| return test_array [0];
| 
|   ;
|   return 0;
| }
configure:17611: arm-linux-gnueabihf-gcc -c  -Wall -W  conftest.c >&5
conftest.c: In function 'main':
conftest.c:72:12: error: size of array 'test_array' is negative
   72 | static int test_array [1 - 2 * !(((long int) (sizeof (unsigned int))) <= 3)];
      |            ^~~~~~~~~~
configure:17611: $? = 1
configure: failed program was:
| /* confdefs.h */
| #define PACKAGE_NAME "LibTIFF Software"
| #define PACKAGE_TARNAME "tiff"
| #define PACKAGE_VERSION "4.0.6"
| #define PACKAGE_STRING "LibTIFF Software 4.0.6"
| #define PACKAGE_BUGREPORT "tiff@lists.maptools.org"
| #define PACKAGE_URL ""
| #define PACKAGE "tiff"
| #define VERSION "4.0.6"
| #define STDC_HEADERS 1
| #define HAVE_SYS_TYPES_H 1
| #define HAVE_SYS_STAT_H 1
| #define HAVE_STDLIB_H 1
| #define HAVE_STRING_H 1
| #define HAVE_MEMORY_H 1
| #define HAVE_STRINGS_H 1
| #define HAVE_INTTYPES_H 1
| #define HAVE_STDINT_H 1
| #define HAVE_UNISTD_H 1
| #define HAVE_DLFCN_H 1
| #define LT_OBJDIR ".libs/"
| #define HAVE_ASSERT_H 1
| #define HAVE_FCNTL_H 1
| #define HAVE_LIMITS_H 1
| #define HAVE_MALLOC_H 1
| #define HAVE_SEARCH_H 1
| #define HAVE_SYS_TIME_H 1
| #define HAVE_UNISTD_H 1
| #define TIME_WITH_SYS_TIME 1
| #define HAVE_FSEEKO 1
| #define HAVE_DECL_OPTARG 1
| #define SIZEOF_SIGNED_SHORT 2
| #define SIZEOF_UNSIGNED_SHORT 2
| #define SIZEOF_SIGNED_INT 4
| /* end confdefs.h.  */
| #include <stdio.h>
| #ifdef HAVE_SYS_TYPES_H
| # include <sys/types.h>
| #endif
| #ifdef HAVE_SYS_STAT_H
| # include <sys/stat.h>
| #endif
| #ifdef STDC_HEADERS
| # include <stdlib.h>
| # include <stddef.h>
| #else
| # ifdef HAVE_STDLIB_H
| #  include <stdlib.h>
| # endif
| #endif
| #ifdef HAVE_STRING_H
| # if !defined STDC_HEADERS && defined HAVE_MEMORY_H
| #  include <memory.h>
| # endif
| # include <string.h>
| #endif
| #ifdef HAVE_STRINGS_H
| # include <strings.h>
| #endif
| #ifdef HAVE_INTTYPES_H
| # include <inttypes.h>
| #endif
| #ifdef HAVE_STDINT_H
| # include <stdint.h>
| #endif
| #ifdef HAVE_UNISTD_H
| # include <unistd.h>
| #endif
| int
| main ()
| {
| static int test_array [1 - 2 * !(((long int) (sizeof (unsigned int))) <= 3)];
| test_array [0] = 0;
| return test_array [0];
| 
|   ;
|   return 0;
| }
configure:17611: arm-linux-gnueabihf-gcc -c  -Wall -W  conftest.c >&5
configure:17611: $? = 0
configure:17611: arm-linux-gnueabihf-gcc -c  -Wall -W  conftest.c >&5
configure:17611: $? = 0
configure:17611: arm-linux-gnueabihf-gcc -c  -Wall -W  conftest.c >&5
configure:17611: $? = 0
configure:17625: result: 4
configure:17641: checking size of signed long
configure:17646: arm-linux-gnueabihf-gcc -c  -Wall -W  conftest.c >&5
configure:17646: $? = 0
configure:17646: arm-linux-gnueabihf-gcc -c  -Wall -W  conftest.c >&5
conftest.c: In function 'main':
conftest.c:73:12: error: size of array 'test_array' is negative
   73 | static int test_array [1 - 2 * !(((long int) (sizeof (signed long))) <= 0)];
      |            ^~~~~~~~~~
configure:17646: $? = 1
configure: failed program was:
| /* confdefs.h */
| #define PACKAGE_NAME "LibTIFF Software"
| #define PACKAGE_TARNAME "tiff"
| #define PACKAGE_VERSION "4.0.6"
| #define PACKAGE_STRING "LibTIFF Software 4.0.6"
| #define PACKAGE_BUGREPORT "tiff@lists.maptools.org"
| #define PACKAGE_URL ""
| #define PACKAGE "tiff"
| #define VERSION "4.0.6"
| #define STDC_HEADERS 1
| #define HAVE_SYS_TYPES_H 1
| #define HAVE_SYS_STAT_H 1
| #define HAVE_STDLIB_H 1
| #define HAVE_STRING_H 1
| #define HAVE_MEMORY_H 1
| #define HAVE_STRINGS_H 1
| #define HAVE_INTTYPES_H 1
| #define HAVE_STDINT_H 1
| #define HAVE_UNISTD_H 1
| #define HAVE_DLFCN_H 1
| #define LT_OBJDIR ".libs/"
| #define HAVE_ASSERT_H 1
| #define HAVE_FCNTL_H 1
| #define HAVE_LIMITS_H 1
| #define HAVE_MALLOC_H 1
| #define HAVE_SEARCH_H 1
| #define HAVE_SYS_TIME_H 1
| #define HAVE_UNISTD_H 1
| #define TIME_WITH_SYS_TIME 1
| #define HAVE_FSEEKO 1
| #define HAVE_DECL_OPTARG 1
| #define SIZEOF_SIGNED_SHORT 2
| #define SIZEOF_UNSIGNED_SHORT 2
| #define SIZEOF_SIGNED_INT 4
| #define SIZEOF_UNSIGNED_INT 4
| /* end confdefs.h.  */
| #include <stdio.h>
| #ifdef HAVE_SYS_TYPES_H
| # include <sys/types.h>
| #endif
| #ifdef HAVE_SYS_STAT_H
| # include <sys/stat.h>
| #endif
| #ifdef STDC_HEADERS
| # include <stdlib.h>
| # include <stddef.h>
| #else
| # ifdef HAVE_STDLIB_H
| #  include <stdlib.h>
| # endif
| #endif
| #ifdef HAVE_STRING_H
| # if !defined STDC_HEADERS && defined HAVE_MEMORY_H
| #  include <memory.h>
| # endif
| # include <string.h>
| #endif
| #ifdef HAVE_STRINGS_H
| # include <strings.h>
| #endif
| #ifdef HAVE_INTTYPES_H
| # include <inttypes.h>
| #endif
| #ifdef HAVE_STDINT_H
| # include <stdint.h>
| #endif
| #ifdef HAVE_UNISTD_H
| # include <unistd.h>
| #endif
| int
| main ()
| {
| static int test_array [1 - 2 * !(((long int) (sizeof (signed long))) <= 0)];
| test_array [0] = 0;
| return test_array [0];
| 
|   ;
|   return 0;
| }
configure:17646: arm-linux-gnueabihf-gcc -c  -Wall -W  conftest.c >&5
conftest.c: In function 'main':
conftest.c:73:12: error: size of array 'test_array' is negative
   73 | static int test_array [1 - 2 * !(((long int) (sizeof (signed long))) <= 1)];
      |            ^~~~~~~~~~
configure:17646: $? = 1
configure: failed program was:
| /* confdefs.h */
| #define PACKAGE_NAME "LibTIFF Software"
| #define PACKAGE_TARNAME "tiff"
| #define PACKAGE_VERSION "4.0.6"
| #define PACKAGE_STRING "LibTIFF Software 4.0.6"
| #define PACKAGE_BUGREPORT "tiff@lists.maptools.org"
| #define PACKAGE_URL ""
| #define PACKAGE "tiff"
| #define VERSION "4.0.6"
| #define STDC_HEADERS 1
| #define HAVE_SYS_TYPES_H 1
| #define HAVE_SYS_STAT_H 1
| #define HAVE_STDLIB_H 1
| #define HAVE_STRING_H 1
| #define HAVE_MEMORY_H 1
| #define HAVE_STRINGS_H 1
| #define HAVE_INTTYPES_H 1
| #define HAVE_STDINT_H 1
| #define HAVE_UNISTD_H 1
| #define HAVE_DLFCN_H 1
| #define LT_OBJDIR ".libs/"
| #define HAVE_ASSERT_H 1
| #define HAVE_FCNTL_H 1
| #define HAVE_LIMITS_H 1
| #define HAVE_MALLOC_H 1
| #define HAVE_SEARCH_H 1
| #define HAVE_SYS_TIME_H 1
| #define HAVE_UNISTD_H 1
| #define TIME_WITH_SYS_TIME 1
| #define HAVE_FSEEKO 1
| #define HAVE_DECL_OPTARG 1
| #define SIZEOF_SIGNED_SHORT 2
| #define SIZEOF_UNSIGNED_SHORT 2
| #define SIZEOF_SIGNED_INT 4
| #define SIZEOF_UNSIGNED_INT 4
| /* end confdefs.h.  */
| #include <stdio.h>
| #ifdef HAVE_SYS_TYPES_H
| # include <sys/types.h>
| #endif
| #ifdef HAVE_SYS_STAT_H
| # include <sys/stat.h>
| #endif
| #ifdef STDC_HEADERS
| # include <stdlib.h>
| # include <stddef.h>
| #else
| # ifdef HAVE_STDLIB_H
| #  include <stdlib.h>
| # endif
| #endif
| #ifdef HAVE_STRING_H
| # if !defined STDC_HEADERS && defined HAVE_MEMORY_H
| #  include <memory.h>
| # endif
| # include <string.h>
| #endif
| #ifdef HAVE_STRINGS_H
| # include <strings.h>
| #endif
| #ifdef HAVE_INTTYPES_H
| # include <inttypes.h>
| #endif
| #ifdef HAVE_STDINT_H
| # include <stdint.h>
| #endif
| #ifdef HAVE_UNISTD_H
| # include <unistd.h>
| #endif
| int
| main ()
| {
| static int test_array [1 - 2 * !(((long int) (sizeof (signed long))) <= 1)];
| test_array [0] = 0;
| return test_array [0];
| 
|   ;
|   return 0;
| }
configure:17646: arm-linux-gnueabihf-gcc -c  -Wall -W  conftest.c >&5
conftest.c: In function 'main':
conftest.c:73:12: error: size of array 'test_array' is negative
   73 | static int test_array [1 - 2 * !(((long int) (sizeof (signed long))) <= 3)];
      |            ^~~~~~~~~~
configure:17646: $? = 1
configure: failed program was:
| /* confdefs.h */
| #define PACKAGE_NAME "LibTIFF Software"
| #define PACKAGE_TARNAME "tiff"
| #define PACKAGE_VERSION "4.0.6"
| #define PACKAGE_STRING "LibTIFF Software 4.0.6"
| #define PACKAGE_BUGREPORT "tiff@lists.maptools.org"
| #define PACKAGE_URL ""
| #define PACKAGE "tiff"
| #define VERSION "4.0.6"
| #define STDC_HEADERS 1
| #define HAVE_SYS_TYPES_H 1
| #define HAVE_SYS_STAT_H 1
| #define HAVE_STDLIB_H 1
| #define HAVE_STRING_H 1
| #define HAVE_MEMORY_H 1
| #define HAVE_STRINGS_H 1
| #define HAVE_INTTYPES_H 1
| #define HAVE_STDINT_H 1
| #define HAVE_UNISTD_H 1
| #define HAVE_DLFCN_H 1
| #define LT_OBJDIR ".libs/"
| #define HAVE_ASSERT_H 1
| #define HAVE_FCNTL_H 1
| #define HAVE_LIMITS_H 1
| #define HAVE_MALLOC_H 1
| #define HAVE_SEARCH_H 1
| #define HAVE_SYS_TIME_H 1
| #define HAVE_UNISTD_H 1
| #define TIME_WITH_SYS_TIME 1
| #define HAVE_FSEEKO 1
| #define HAVE_DECL_OPTARG 1
| #define SIZEOF_SIGNED_SHORT 2
| #define SIZEOF_UNSIGNED_SHORT 2
| #define SIZEOF_SIGNED_INT 4
| #define SIZEOF_UNSIGNED_INT 4
| /* end confdefs.h.  */
| #include <stdio.h>
| #ifdef HAVE_SYS_TYPES_H
| # include <sys/types.h>
| #endif
| #ifdef HAVE_SYS_STAT_H
| # include <sys/stat.h>
| #endif
| #ifdef STDC_HEADERS
| # include <stdlib.h>
| # include <stddef.h>
| #else
| # ifdef HAVE_STDLIB_H
| #  include <stdlib.h>
| # endif
| #endif
| #ifdef HAVE_STRING_H
| # if !defined STDC_HEADERS && defined HAVE_MEMORY_H
| #  include <memory.h>
| # endif
| # include <string.h>
| #endif
| #ifdef HAVE_STRINGS_H
| # include <strings.h>
| #endif
| #ifdef HAVE_INTTYPES_H
| # include <inttypes.h>
| #endif
| #ifdef HAVE_STDINT_H
| # include <stdint.h>
| #endif
| #ifdef HAVE_UNISTD_H
| # include <unistd.h>
| #endif
| int
| main ()
| {
| static int test_array [1 - 2 * !(((long int) (sizeof (signed long))) <= 3)];
| test_array [0] = 0;
| return test_array [0];
| 
|   ;
|   return 0;
| }
configure:17646: arm-linux-gnueabihf-gcc -c  -Wall -W  conftest.c >&5
configure:17646: $? = 0
configure:17646: arm-linux-gnueabihf-gcc -c  -Wall -W  conftest.c >&5
configure:17646: $? = 0
configure:17646: arm-linux-gnueabihf-gcc -c  -Wall -W  conftest.c >&5
configure:17646: $? = 0
configure:17660: result: 4
configure:17676: checking size of unsigned long
configure:17681: arm-linux-gnueabihf-gcc -c  -Wall -W  conftest.c >&5
configure:17681: $? = 0
configure:17681: arm-linux-gnueabihf-gcc -c  -Wall -W  conftest.c >&5
conftest.c: In function 'main':
conftest.c:74:12: error: size of array 'test_array' is negative
   74 | static int test_array [1 - 2 * !(((long int) (sizeof (unsigned long))) <= 0)];
      |            ^~~~~~~~~~
configure:17681: $? = 1
configure: failed program was:
| /* confdefs.h */
| #define PACKAGE_NAME "LibTIFF Software"
| #define PACKAGE_TARNAME "tiff"
| #define PACKAGE_VERSION "4.0.6"
| #define PACKAGE_STRING "LibTIFF Software 4.0.6"
| #define PACKAGE_BUGREPORT "tiff@lists.maptools.org"
| #define PACKAGE_URL ""
| #define PACKAGE "tiff"
| #define VERSION "4.0.6"
| #define STDC_HEADERS 1
| #define HAVE_SYS_TYPES_H 1
| #define HAVE_SYS_STAT_H 1
| #define HAVE_STDLIB_H 1
| #define HAVE_STRING_H 1
| #define HAVE_MEMORY_H 1
| #define HAVE_STRINGS_H 1
| #define HAVE_INTTYPES_H 1
| #define HAVE_STDINT_H 1
| #define HAVE_UNISTD_H 1
| #define HAVE_DLFCN_H 1
| #define LT_OBJDIR ".libs/"
| #define HAVE_ASSERT_H 1
| #define HAVE_FCNTL_H 1
| #define HAVE_LIMITS_H 1
| #define HAVE_MALLOC_H 1
| #define HAVE_SEARCH_H 1
| #define HAVE_SYS_TIME_H 1
| #define HAVE_UNISTD_H 1
| #define TIME_WITH_SYS_TIME 1
| #define HAVE_FSEEKO 1
| #define HAVE_DECL_OPTARG 1
| #define SIZEOF_SIGNED_SHORT 2
| #define SIZEOF_UNSIGNED_SHORT 2
| #define SIZEOF_SIGNED_INT 4
| #define SIZEOF_UNSIGNED_INT 4
| #define SIZEOF_SIGNED_LONG 4
| /* end confdefs.h.  */
| #include <stdio.h>
| #ifdef HAVE_SYS_TYPES_H
| # include <sys/types.h>
| #endif
| #ifdef HAVE_SYS_STAT_H
| # include <sys/stat.h>
| #endif
| #ifdef STDC_HEADERS
| # include <stdlib.h>
| # include <stddef.h>
| #else
| # ifdef HAVE_STDLIB_H
| #  include <stdlib.h>
| # endif
| #endif
| #ifdef HAVE_STRING_H
| # if !defined STDC_HEADERS && defined HAVE_MEMORY_H
| #  include <memory.h>
| # endif
| # include <string.h>
| #endif
| #ifdef HAVE_STRINGS_H
| # include <strings.h>
| #endif
| #ifdef HAVE_INTTYPES_H
| # include <inttypes.h>
| #endif
| #ifdef HAVE_STDINT_H
| # include <stdint.h>
| #endif
| #ifdef HAVE_UNISTD_H
| # include <unistd.h>
| #endif
| int
| main ()
| {
| static int test_array [1 - 2 * !(((long int) (sizeof (unsigned long))) <= 0)];
| test_array [0] = 0;
| return test_array [0];
| 
|   ;
|   return 0;
| }
configure:17681: arm-linux-gnueabihf-gcc -c  -Wall -W  conftest.c >&5
conftest.c: In function 'main':
conftest.c:74:12: error: size of array 'test_array' is negative
   74 | static int test_array [1 - 2 * !(((long int) (sizeof (unsigned long))) <= 1)];
      |            ^~~~~~~~~~
configure:17681: $? = 1
configure: failed program was:
| /* confdefs.h */
| #define PACKAGE_NAME "LibTIFF Software"
| #define PACKAGE_TARNAME "tiff"
| #define PACKAGE_VERSION "4.0.6"
| #define PACKAGE_STRING "LibTIFF Software 4.0.6"
| #define PACKAGE_BUGREPORT "tiff@lists.maptools.org"
| #define PACKAGE_URL ""
| #define PACKAGE "tiff"
| #define VERSION "4.0.6"
| #define STDC_HEADERS 1
| #define HAVE_SYS_TYPES_H 1
| #define HAVE_SYS_STAT_H 1
| #define HAVE_STDLIB_H 1
| #define HAVE_STRING_H 1
| #define HAVE_MEMORY_H 1
| #define HAVE_STRINGS_H 1
| #define HAVE_INTTYPES_H 1
| #define HAVE_STDINT_H 1
| #define HAVE_UNISTD_H 1
| #define HAVE_DLFCN_H 1
| #define LT_OBJDIR ".libs/"
| #define HAVE_ASSERT_H 1
| #define HAVE_FCNTL_H 1
| #define HAVE_LIMITS_H 1
| #define HAVE_MALLOC_H 1
| #define HAVE_SEARCH_H 1
| #define HAVE_SYS_TIME_H 1
| #define HAVE_UNISTD_H 1
| #define TIME_WITH_SYS_TIME 1
| #define HAVE_FSEEKO 1
| #define HAVE_DECL_OPTARG 1
| #define SIZEOF_SIGNED_SHORT 2
| #define SIZEOF_UNSIGNED_SHORT 2
| #define SIZEOF_SIGNED_INT 4
| #define SIZEOF_UNSIGNED_INT 4
| #define SIZEOF_SIGNED_LONG 4
| /* end confdefs.h.  */
| #include <stdio.h>
| #ifdef HAVE_SYS_TYPES_H
| # include <sys/types.h>
| #endif
| #ifdef HAVE_SYS_STAT_H
| # include <sys/stat.h>
| #endif
| #ifdef STDC_HEADERS
| # include <stdlib.h>
| # include <stddef.h>
| #else
| # ifdef HAVE_STDLIB_H
| #  include <stdlib.h>
| # endif
| #endif
| #ifdef HAVE_STRING_H
| # if !defined STDC_HEADERS && defined HAVE_MEMORY_H
| #  include <memory.h>
| # endif
| # include <string.h>
| #endif
| #ifdef HAVE_STRINGS_H
| # include <strings.h>
| #endif
| #ifdef HAVE_INTTYPES_H
| # include <inttypes.h>
| #endif
| #ifdef HAVE_STDINT_H
| # include <stdint.h>
| #endif
| #ifdef HAVE_UNISTD_H
| # include <unistd.h>
| #endif
| int
| main ()
| {
| static int test_array [1 - 2 * !(((long int) (sizeof (unsigned long))) <= 1)];
| test_array [0] = 0;
| return test_array [0];
| 
|   ;
|   return 0;
| }
configure:17681: arm-linux-gnueabihf-gcc -c  -Wall -W  conftest.c >&5
conftest.c: In function 'main':
conftest.c:74:12: error: size of array 'test_array' is negative
   74 | static int test_array [1 - 2 * !(((long int) (sizeof (unsigned long))) <= 3)];
      |            ^~~~~~~~~~
configure:17681: $? = 1
configure: failed program was:
| /* confdefs.h */
| #define PACKAGE_NAME "LibTIFF Software"
| #define PACKAGE_TARNAME "tiff"
| #define PACKAGE_VERSION "4.0.6"
| #define PACKAGE_STRING "LibTIFF Software 4.0.6"
| #define PACKAGE_BUGREPORT "tiff@lists.maptools.org"
| #define PACKAGE_URL ""
| #define PACKAGE "tiff"
| #define VERSION "4.0.6"
| #define STDC_HEADERS 1
| #define HAVE_SYS_TYPES_H 1
| #define HAVE_SYS_STAT_H 1
| #define HAVE_STDLIB_H 1
| #define HAVE_STRING_H 1
| #define HAVE_MEMORY_H 1
| #define HAVE_STRINGS_H 1
| #define HAVE_INTTYPES_H 1
| #define HAVE_STDINT_H 1
| #define HAVE_UNISTD_H 1
| #define HAVE_DLFCN_H 1
| #define LT_OBJDIR ".libs/"
| #define HAVE_ASSERT_H 1
| #define HAVE_FCNTL_H 1
| #define HAVE_LIMITS_H 1
| #define HAVE_MALLOC_H 1
| #define HAVE_SEARCH_H 1
| #define HAVE_SYS_TIME_H 1
| #define HAVE_UNISTD_H 1
| #define TIME_WITH_SYS_TIME 1
| #define HAVE_FSEEKO 1
| #define HAVE_DECL_OPTARG 1
| #define SIZEOF_SIGNED_SHORT 2
| #define SIZEOF_UNSIGNED_SHORT 2
| #define SIZEOF_SIGNED_INT 4
| #define SIZEOF_UNSIGNED_INT 4
| #define SIZEOF_SIGNED_LONG 4
| /* end confdefs.h.  */
| #include <stdio.h>
| #ifdef HAVE_SYS_TYPES_H
| # include <sys/types.h>
| #endif
| #ifdef HAVE_SYS_STAT_H
| # include <sys/stat.h>
| #endif
| #ifdef STDC_HEADERS
| # include <stdlib.h>
| # include <stddef.h>
| #else
| # ifdef HAVE_STDLIB_H
| #  include <stdlib.h>
| # endif
| #endif
| #ifdef HAVE_STRING_H
| # if !defined STDC_HEADERS && defined HAVE_MEMORY_H
| #  include <memory.h>
| # endif
| # include <string.h>
| #endif
| #ifdef HAVE_STRINGS_H
| # include <strings.h>
| #endif
| #ifdef HAVE_INTTYPES_H
| # include <inttypes.h>
| #endif
| #ifdef HAVE_STDINT_H
| # include <stdint.h>
| #endif
| #ifdef HAVE_UNISTD_H
| # include <unistd.h>
| #endif
| int
| main ()
| {
| static int test_array [1 - 2 * !(((long int) (sizeof (unsigned long))) <= 3)];
| test_array [0] = 0;
| return test_array [0];
| 
|   ;
|   return 0;
| }
configure:17681: arm-linux-gnueabihf-gcc -c  -Wall -W  conftest.c >&5
configure:17681: $? = 0
configure:17681: arm-linux-gnueabihf-gcc -c  -Wall -W  conftest.c >&5
configure:17681: $? = 0
configure:17681: arm-linux-gnueabihf-gcc -c  -Wall -W  conftest.c >&5
configure:17681: $? = 0
configure:17695: result: 4
configure:17712: checking size of signed long long
configure:17717: arm-linux-gnueabihf-gcc -c  -Wall -W  conftest.c >&5
configure:17717: $? = 0
configure:17717: arm-linux-gnueabihf-gcc -c  -Wall -W  conftest.c >&5
conftest.c: In function 'main':
conftest.c:75:12: error: size of array 'test_array' is negative
   75 | static int test_array [1 - 2 * !(((long int) (sizeof (signed long long))) <= 0)];
      |            ^~~~~~~~~~
configure:17717: $? = 1
configure: failed program was:
| /* confdefs.h */
| #define PACKAGE_NAME "LibTIFF Software"
| #define PACKAGE_TARNAME "tiff"
| #define PACKAGE_VERSION "4.0.6"
| #define PACKAGE_STRING "LibTIFF Software 4.0.6"
| #define PACKAGE_BUGREPORT "tiff@lists.maptools.org"
| #define PACKAGE_URL ""
| #define PACKAGE "tiff"
| #define VERSION "4.0.6"
| #define STDC_HEADERS 1
| #define HAVE_SYS_TYPES_H 1
| #define HAVE_SYS_STAT_H 1
| #define HAVE_STDLIB_H 1
| #define HAVE_STRING_H 1
| #define HAVE_MEMORY_H 1
| #define HAVE_STRINGS_H 1
| #define HAVE_INTTYPES_H 1
| #define HAVE_STDINT_H 1
| #define HAVE_UNISTD_H 1
| #define HAVE_DLFCN_H 1
| #define LT_OBJDIR ".libs/"
| #define HAVE_ASSERT_H 1
| #define HAVE_FCNTL_H 1
| #define HAVE_LIMITS_H 1
| #define HAVE_MALLOC_H 1
| #define HAVE_SEARCH_H 1
| #define HAVE_SYS_TIME_H 1
| #define HAVE_UNISTD_H 1
| #define TIME_WITH_SYS_TIME 1
| #define HAVE_FSEEKO 1
| #define HAVE_DECL_OPTARG 1
| #define SIZEOF_SIGNED_SHORT 2
| #define SIZEOF_UNSIGNED_SHORT 2
| #define SIZEOF_SIGNED_INT 4
| #define SIZEOF_UNSIGNED_INT 4
| #define SIZEOF_SIGNED_LONG 4
| #define SIZEOF_UNSIGNED_LONG 4
| /* end confdefs.h.  */
| #include <stdio.h>
| #ifdef HAVE_SYS_TYPES_H
| # include <sys/types.h>
| #endif
| #ifdef HAVE_SYS_STAT_H
| # include <sys/stat.h>
| #endif
| #ifdef STDC_HEADERS
| # include <stdlib.h>
| # include <stddef.h>
| #else
| # ifdef HAVE_STDLIB_H
| #  include <stdlib.h>
| # endif
| #endif
| #ifdef HAVE_STRING_H
| # if !defined STDC_HEADERS && defined HAVE_MEMORY_H
| #  include <memory.h>
| # endif
| # include <string.h>
| #endif
| #ifdef HAVE_STRINGS_H
| # include <strings.h>
| #endif
| #ifdef HAVE_INTTYPES_H
| # include <inttypes.h>
| #endif
| #ifdef HAVE_STDINT_H
| # include <stdint.h>
| #endif
| #ifdef HAVE_UNISTD_H
| # include <unistd.h>
| #endif
| int
| main ()
| {
| static int test_array [1 - 2 * !(((long int) (sizeof (signed long long))) <= 0)];
| test_array [0] = 0;
| return test_array [0];
| 
|   ;
|   return 0;
| }
configure:17717: arm-linux-gnueabihf-gcc -c  -Wall -W  conftest.c >&5
conftest.c: In function 'main':
conftest.c:75:12: error: size of array 'test_array' is negative
   75 | static int test_array [1 - 2 * !(((long int) (sizeof (signed long long))) <= 1)];
      |            ^~~~~~~~~~
configure:17717: $? = 1
configure: failed program was:
| /* confdefs.h */
| #define PACKAGE_NAME "LibTIFF Software"
| #define PACKAGE_TARNAME "tiff"
| #define PACKAGE_VERSION "4.0.6"
| #define PACKAGE_STRING "LibTIFF Software 4.0.6"
| #define PACKAGE_BUGREPORT "tiff@lists.maptools.org"
| #define PACKAGE_URL ""
| #define PACKAGE "tiff"
| #define VERSION "4.0.6"
| #define STDC_HEADERS 1
| #define HAVE_SYS_TYPES_H 1
| #define HAVE_SYS_STAT_H 1
| #define HAVE_STDLIB_H 1
| #define HAVE_STRING_H 1
| #define HAVE_MEMORY_H 1
| #define HAVE_STRINGS_H 1
| #define HAVE_INTTYPES_H 1
| #define HAVE_STDINT_H 1
| #define HAVE_UNISTD_H 1
| #define HAVE_DLFCN_H 1
| #define LT_OBJDIR ".libs/"
| #define HAVE_ASSERT_H 1
| #define HAVE_FCNTL_H 1
| #define HAVE_LIMITS_H 1
| #define HAVE_MALLOC_H 1
| #define HAVE_SEARCH_H 1
| #define HAVE_SYS_TIME_H 1
| #define HAVE_UNISTD_H 1
| #define TIME_WITH_SYS_TIME 1
| #define HAVE_FSEEKO 1
| #define HAVE_DECL_OPTARG 1
| #define SIZEOF_SIGNED_SHORT 2
| #define SIZEOF_UNSIGNED_SHORT 2
| #define SIZEOF_SIGNED_INT 4
| #define SIZEOF_UNSIGNED_INT 4
| #define SIZEOF_SIGNED_LONG 4
| #define SIZEOF_UNSIGNED_LONG 4
| /* end confdefs.h.  */
| #include <stdio.h>
| #ifdef HAVE_SYS_TYPES_H
| # include <sys/types.h>
| #endif
| #ifdef HAVE_SYS_STAT_H
| # include <sys/stat.h>
| #endif
| #ifdef STDC_HEADERS
| # include <stdlib.h>
| # include <stddef.h>
| #else
| # ifdef HAVE_STDLIB_H
| #  include <stdlib.h>
| # endif
| #endif
| #ifdef HAVE_STRING_H
| # if !defined STDC_HEADERS && defined HAVE_MEMORY_H
| #  include <memory.h>
| # endif
| # include <string.h>
| #endif
| #ifdef HAVE_STRINGS_H
| # include <strings.h>
| #endif
| #ifdef HAVE_INTTYPES_H
| # include <inttypes.h>
| #endif
| #ifdef HAVE_STDINT_H
| # include <stdint.h>
| #endif
| #ifdef HAVE_UNISTD_H
| # include <unistd.h>
| #endif
| int
| main ()
| {
| static int test_array [1 - 2 * !(((long int) (sizeof (signed long long))) <= 1)];
| test_array [0] = 0;
| return test_array [0];
| 
|   ;
|   return 0;
| }
configure:17717: arm-linux-gnueabihf-gcc -c  -Wall -W  conftest.c >&5
conftest.c: In function 'main':
conftest.c:75:12: error: size of array 'test_array' is negative
   75 | static int test_array [1 - 2 * !(((long int) (sizeof (signed long long))) <= 3)];
      |            ^~~~~~~~~~
configure:17717: $? = 1
configure: failed program was:
| /* confdefs.h */
| #define PACKAGE_NAME "LibTIFF Software"
| #define PACKAGE_TARNAME "tiff"
| #define PACKAGE_VERSION "4.0.6"
| #define PACKAGE_STRING "LibTIFF Software 4.0.6"
| #define PACKAGE_BUGREPORT "tiff@lists.maptools.org"
| #define PACKAGE_URL ""
| #define PACKAGE "tiff"
| #define VERSION "4.0.6"
| #define STDC_HEADERS 1
| #define HAVE_SYS_TYPES_H 1
| #define HAVE_SYS_STAT_H 1
| #define HAVE_STDLIB_H 1
| #define HAVE_STRING_H 1
| #define HAVE_MEMORY_H 1
| #define HAVE_STRINGS_H 1
| #define HAVE_INTTYPES_H 1
| #define HAVE_STDINT_H 1
| #define HAVE_UNISTD_H 1
| #define HAVE_DLFCN_H 1
| #define LT_OBJDIR ".libs/"
| #define HAVE_ASSERT_H 1
| #define HAVE_FCNTL_H 1
| #define HAVE_LIMITS_H 1
| #define HAVE_MALLOC_H 1
| #define HAVE_SEARCH_H 1
| #define HAVE_SYS_TIME_H 1
| #define HAVE_UNISTD_H 1
| #define TIME_WITH_SYS_TIME 1
| #define HAVE_FSEEKO 1
| #define HAVE_DECL_OPTARG 1
| #define SIZEOF_SIGNED_SHORT 2
| #define SIZEOF_UNSIGNED_SHORT 2
| #define SIZEOF_SIGNED_INT 4
| #define SIZEOF_UNSIGNED_INT 4
| #define SIZEOF_SIGNED_LONG 4
| #define SIZEOF_UNSIGNED_LONG 4
| /* end confdefs.h.  */
| #include <stdio.h>
| #ifdef HAVE_SYS_TYPES_H
| # include <sys/types.h>
| #endif
| #ifdef HAVE_SYS_STAT_H
| # include <sys/stat.h>
| #endif
| #ifdef STDC_HEADERS
| # include <stdlib.h>
| # include <stddef.h>
| #else
| # ifdef HAVE_STDLIB_H
| #  include <stdlib.h>
| # endif
| #endif
| #ifdef HAVE_STRING_H
| # if !defined STDC_HEADERS && defined HAVE_MEMORY_H
| #  include <memory.h>
| # endif
| # include <string.h>
| #endif
| #ifdef HAVE_STRINGS_H
| # include <strings.h>
| #endif
| #ifdef HAVE_INTTYPES_H
| # include <inttypes.h>
| #endif
| #ifdef HAVE_STDINT_H
| # include <stdint.h>
| #endif
| #ifdef HAVE_UNISTD_H
| # include <unistd.h>
| #endif
| int
| main ()
| {
| static int test_array [1 - 2 * !(((long int) (sizeof (signed long long))) <= 3)];
| test_array [0] = 0;
| return test_array [0];
| 
|   ;
|   return 0;
| }
configure:17717: arm-linux-gnueabihf-gcc -c  -Wall -W  conftest.c >&5
conftest.c: In function 'main':
conftest.c:75:12: error: size of array 'test_array' is negative
   75 | static int test_array [1 - 2 * !(((long int) (sizeof (signed long long))) <= 7)];
      |            ^~~~~~~~~~
configure:17717: $? = 1
configure: failed program was:
| /* confdefs.h */
| #define PACKAGE_NAME "LibTIFF Software"
| #define PACKAGE_TARNAME "tiff"
| #define PACKAGE_VERSION "4.0.6"
| #define PACKAGE_STRING "LibTIFF Software 4.0.6"
| #define PACKAGE_BUGREPORT "tiff@lists.maptools.org"
| #define PACKAGE_URL ""
| #define PACKAGE "tiff"
| #define VERSION "4.0.6"
| #define STDC_HEADERS 1
| #define HAVE_SYS_TYPES_H 1
| #define HAVE_SYS_STAT_H 1
| #define HAVE_STDLIB_H 1
| #define HAVE_STRING_H 1
| #define HAVE_MEMORY_H 1
| #define HAVE_STRINGS_H 1
| #define HAVE_INTTYPES_H 1
| #define HAVE_STDINT_H 1
| #define HAVE_UNISTD_H 1
| #define HAVE_DLFCN_H 1
| #define LT_OBJDIR ".libs/"
| #define HAVE_ASSERT_H 1
| #define HAVE_FCNTL_H 1
| #define HAVE_LIMITS_H 1
| #define HAVE_MALLOC_H 1
| #define HAVE_SEARCH_H 1
| #define HAVE_SYS_TIME_H 1
| #define HAVE_UNISTD_H 1
| #define TIME_WITH_SYS_TIME 1
| #define HAVE_FSEEKO 1
| #define HAVE_DECL_OPTARG 1
| #define SIZEOF_SIGNED_SHORT 2
| #define SIZEOF_UNSIGNED_SHORT 2
| #define SIZEOF_SIGNED_INT 4
| #define SIZEOF_UNSIGNED_INT 4
| #define SIZEOF_SIGNED_LONG 4
| #define SIZEOF_UNSIGNED_LONG 4
| /* end confdefs.h.  */
| #include <stdio.h>
| #ifdef HAVE_SYS_TYPES_H
| # include <sys/types.h>
| #endif
| #ifdef HAVE_SYS_STAT_H
| # include <sys/stat.h>
| #endif
| #ifdef STDC_HEADERS
| # include <stdlib.h>
| # include <stddef.h>
| #else
| # ifdef HAVE_STDLIB_H
| #  include <stdlib.h>
| # endif
| #endif
| #ifdef HAVE_STRING_H
| # if !defined STDC_HEADERS && defined HAVE_MEMORY_H
| #  include <memory.h>
| # endif
| # include <string.h>
| #endif
| #ifdef HAVE_STRINGS_H
| # include <strings.h>
| #endif
| #ifdef HAVE_INTTYPES_H
| # include <inttypes.h>
| #endif
| #ifdef HAVE_STDINT_H
| # include <stdint.h>
| #endif
| #ifdef HAVE_UNISTD_H
| # include <unistd.h>
| #endif
| int
| main ()
| {
| static int test_array [1 - 2 * !(((long int) (sizeof (signed long long))) <= 7)];
| test_array [0] = 0;
| return test_array [0];
| 
|   ;
|   return 0;
| }
configure:17717: arm-linux-gnueabihf-gcc -c  -Wall -W  conftest.c >&5
configure:17717: $? = 0
configure:17717: arm-linux-gnueabihf-gcc -c  -Wall -W  conftest.c >&5
configure:17717: $? = 0
configure:17717: arm-linux-gnueabihf-gcc -c  -Wall -W  conftest.c >&5
configure:17717: $? = 0
configure:17717: arm-linux-gnueabihf-gcc -c  -Wall -W  conftest.c >&5
configure:17717: $? = 0
configure:17731: result: 8
configure:17749: checking size of unsigned long long
configure:17754: arm-linux-gnueabihf-gcc -c  -Wall -W  conftest.c >&5
configure:17754: $? = 0
configure:17754: arm-linux-gnueabihf-gcc -c  -Wall -W  conftest.c >&5
conftest.c: In function 'main':
conftest.c:76:12: error: size of array 'test_array' is negative
   76 | static int test_array [1 - 2 * !(((long int) (sizeof (unsigned long long))) <= 0)];
      |            ^~~~~~~~~~
configure:17754: $? = 1
configure: failed program was:
| /* confdefs.h */
| #define PACKAGE_NAME "LibTIFF Software"
| #define PACKAGE_TARNAME "tiff"
| #define PACKAGE_VERSION "4.0.6"
| #define PACKAGE_STRING "LibTIFF Software 4.0.6"
| #define PACKAGE_BUGREPORT "tiff@lists.maptools.org"
| #define PACKAGE_URL ""
| #define PACKAGE "tiff"
| #define VERSION "4.0.6"
| #define STDC_HEADERS 1
| #define HAVE_SYS_TYPES_H 1
| #define HAVE_SYS_STAT_H 1
| #define HAVE_STDLIB_H 1
| #define HAVE_STRING_H 1
| #define HAVE_MEMORY_H 1
| #define HAVE_STRINGS_H 1
| #define HAVE_INTTYPES_H 1
| #define HAVE_STDINT_H 1
| #define HAVE_UNISTD_H 1
| #define HAVE_DLFCN_H 1
| #define LT_OBJDIR ".libs/"
| #define HAVE_ASSERT_H 1
| #define HAVE_FCNTL_H 1
| #define HAVE_LIMITS_H 1
| #define HAVE_MALLOC_H 1
| #define HAVE_SEARCH_H 1
| #define HAVE_SYS_TIME_H 1
| #define HAVE_UNISTD_H 1
| #define TIME_WITH_SYS_TIME 1
| #define HAVE_FSEEKO 1
| #define HAVE_DECL_OPTARG 1
| #define SIZEOF_SIGNED_SHORT 2
| #define SIZEOF_UNSIGNED_SHORT 2
| #define SIZEOF_SIGNED_INT 4
| #define SIZEOF_UNSIGNED_INT 4
| #define SIZEOF_SIGNED_LONG 4
| #define SIZEOF_UNSIGNED_LONG 4
| #define SIZEOF_SIGNED_LONG_LONG 8
| /* end confdefs.h.  */
| #include <stdio.h>
| #ifdef HAVE_SYS_TYPES_H
| # include <sys/types.h>
| #endif
| #ifdef HAVE_SYS_STAT_H
| # include <sys/stat.h>
| #endif
| #ifdef STDC_HEADERS
| # include <stdlib.h>
| # include <stddef.h>
| #else
| # ifdef HAVE_STDLIB_H
| #  include <stdlib.h>
| # endif
| #endif
| #ifdef HAVE_STRING_H
| # if !defined STDC_HEADERS && defined HAVE_MEMORY_H
| #  include <memory.h>
| # endif
| # include <string.h>
| #endif
| #ifdef HAVE_STRINGS_H
| # include <strings.h>
| #endif
| #ifdef HAVE_INTTYPES_H
| # include <inttypes.h>
| #endif
| #ifdef HAVE_STDINT_H
| # include <stdint.h>
| #endif
| #ifdef HAVE_UNISTD_H
| # include <unistd.h>
| #endif
| int
| main ()
| {
| static int test_array [1 - 2 * !(((long int) (sizeof (unsigned long long))) <= 0)];
| test_array [0] = 0;
| return test_array [0];
| 
|   ;
|   return 0;
| }
configure:17754: arm-linux-gnueabihf-gcc -c  -Wall -W  conftest.c >&5
conftest.c: In function 'main':
conftest.c:76:12: error: size of array 'test_array' is negative
   76 | static int test_array [1 - 2 * !(((long int) (sizeof (unsigned long long))) <= 1)];
      |            ^~~~~~~~~~
configure:17754: $? = 1
configure: failed program was:
| /* confdefs.h */
| #define PACKAGE_NAME "LibTIFF Software"
| #define PACKAGE_TARNAME "tiff"
| #define PACKAGE_VERSION "4.0.6"
| #define PACKAGE_STRING "LibTIFF Software 4.0.6"
| #define PACKAGE_BUGREPORT "tiff@lists.maptools.org"
| #define PACKAGE_URL ""
| #define PACKAGE "tiff"
| #define VERSION "4.0.6"
| #define STDC_HEADERS 1
| #define HAVE_SYS_TYPES_H 1
| #define HAVE_SYS_STAT_H 1
| #define HAVE_STDLIB_H 1
| #define HAVE_STRING_H 1
| #define HAVE_MEMORY_H 1
| #define HAVE_STRINGS_H 1
| #define HAVE_INTTYPES_H 1
| #define HAVE_STDINT_H 1
| #define HAVE_UNISTD_H 1
| #define HAVE_DLFCN_H 1
| #define LT_OBJDIR ".libs/"
| #define HAVE_ASSERT_H 1
| #define HAVE_FCNTL_H 1
| #define HAVE_LIMITS_H 1
| #define HAVE_MALLOC_H 1
| #define HAVE_SEARCH_H 1
| #define HAVE_SYS_TIME_H 1
| #define HAVE_UNISTD_H 1
| #define TIME_WITH_SYS_TIME 1
| #define HAVE_FSEEKO 1
| #define HAVE_DECL_OPTARG 1
| #define SIZEOF_SIGNED_SHORT 2
| #define SIZEOF_UNSIGNED_SHORT 2
| #define SIZEOF_SIGNED_INT 4
| #define SIZEOF_UNSIGNED_INT 4
| #define SIZEOF_SIGNED_LONG 4
| #define SIZEOF_UNSIGNED_LONG 4
| #define SIZEOF_SIGNED_LONG_LONG 8
| /* end confdefs.h.  */
| #include <stdio.h>
| #ifdef HAVE_SYS_TYPES_H
| # include <sys/types.h>
| #endif
| #ifdef HAVE_SYS_STAT_H
| # include <sys/stat.h>
| #endif
| #ifdef STDC_HEADERS
| # include <stdlib.h>
| # include <stddef.h>
| #else
| # ifdef HAVE_STDLIB_H
| #  include <stdlib.h>
| # endif
| #endif
| #ifdef HAVE_STRING_H
| # if !defined STDC_HEADERS && defined HAVE_MEMORY_H
| #  include <memory.h>
| # endif
| # include <string.h>
| #endif
| #ifdef HAVE_STRINGS_H
| # include <strings.h>
| #endif
| #ifdef HAVE_INTTYPES_H
| # include <inttypes.h>
| #endif
| #ifdef HAVE_STDINT_H
| # include <stdint.h>
| #endif
| #ifdef HAVE_UNISTD_H
| # include <unistd.h>
| #endif
| int
| main ()
| {
| static int test_array [1 - 2 * !(((long int) (sizeof (unsigned long long))) <= 1)];
| test_array [0] = 0;
| return test_array [0];
| 
|   ;
|   return 0;
| }
configure:17754: arm-linux-gnueabihf-gcc -c  -Wall -W  conftest.c >&5
conftest.c: In function 'main':
conftest.c:76:12: error: size of array 'test_array' is negative
   76 | static int test_array [1 - 2 * !(((long int) (sizeof (unsigned long long))) <= 3)];
      |            ^~~~~~~~~~
configure:17754: $? = 1
configure: failed program was:
| /* confdefs.h */
| #define PACKAGE_NAME "LibTIFF Software"
| #define PACKAGE_TARNAME "tiff"
| #define PACKAGE_VERSION "4.0.6"
| #define PACKAGE_STRING "LibTIFF Software 4.0.6"
| #define PACKAGE_BUGREPORT "tiff@lists.maptools.org"
| #define PACKAGE_URL ""
| #define PACKAGE "tiff"
| #define VERSION "4.0.6"
| #define STDC_HEADERS 1
| #define HAVE_SYS_TYPES_H 1
| #define HAVE_SYS_STAT_H 1
| #define HAVE_STDLIB_H 1
| #define HAVE_STRING_H 1
| #define HAVE_MEMORY_H 1
| #define HAVE_STRINGS_H 1
| #define HAVE_INTTYPES_H 1
| #define HAVE_STDINT_H 1
| #define HAVE_UNISTD_H 1
| #define HAVE_DLFCN_H 1
| #define LT_OBJDIR ".libs/"
| #define HAVE_ASSERT_H 1
| #define HAVE_FCNTL_H 1
| #define HAVE_LIMITS_H 1
| #define HAVE_MALLOC_H 1
| #define HAVE_SEARCH_H 1
| #define HAVE_SYS_TIME_H 1
| #define HAVE_UNISTD_H 1
| #define TIME_WITH_SYS_TIME 1
| #define HAVE_FSEEKO 1
| #define HAVE_DECL_OPTARG 1
| #define SIZEOF_SIGNED_SHORT 2
| #define SIZEOF_UNSIGNED_SHORT 2
| #define SIZEOF_SIGNED_INT 4
| #define SIZEOF_UNSIGNED_INT 4
| #define SIZEOF_SIGNED_LONG 4
| #define SIZEOF_UNSIGNED_LONG 4
| #define SIZEOF_SIGNED_LONG_LONG 8
| /* end confdefs.h.  */
| #include <stdio.h>
| #ifdef HAVE_SYS_TYPES_H
| # include <sys/types.h>
| #endif
| #ifdef HAVE_SYS_STAT_H
| # include <sys/stat.h>
| #endif
| #ifdef STDC_HEADERS
| # include <stdlib.h>
| # include <stddef.h>
| #else
| # ifdef HAVE_STDLIB_H
| #  include <stdlib.h>
| # endif
| #endif
| #ifdef HAVE_STRING_H
| # if !defined STDC_HEADERS && defined HAVE_MEMORY_H
| #  include <memory.h>
| # endif
| # include <string.h>
| #endif
| #ifdef HAVE_STRINGS_H
| # include <strings.h>
| #endif
| #ifdef HAVE_INTTYPES_H
| # include <inttypes.h>
| #endif
| #ifdef HAVE_STDINT_H
| # include <stdint.h>
| #endif
| #ifdef HAVE_UNISTD_H
| # include <unistd.h>
| #endif
| int
| main ()
| {
| static int test_array [1 - 2 * !(((long int) (sizeof (unsigned long long))) <= 3)];
| test_array [0] = 0;
| return test_array [0];
| 
|   ;
|   return 0;
| }
configure:17754: arm-linux-gnueabihf-gcc -c  -Wall -W  conftest.c >&5
conftest.c: In function 'main':
conftest.c:76:12: error: size of array 'test_array' is negative
   76 | static int test_array [1 - 2 * !(((long int) (sizeof (unsigned long long))) <= 7)];
      |            ^~~~~~~~~~
configure:17754: $? = 1
configure: failed program was:
| /* confdefs.h */
| #define PACKAGE_NAME "LibTIFF Software"
| #define PACKAGE_TARNAME "tiff"
| #define PACKAGE_VERSION "4.0.6"
| #define PACKAGE_STRING "LibTIFF Software 4.0.6"
| #define PACKAGE_BUGREPORT "tiff@lists.maptools.org"
| #define PACKAGE_URL ""
| #define PACKAGE "tiff"
| #define VERSION "4.0.6"
| #define STDC_HEADERS 1
| #define HAVE_SYS_TYPES_H 1
| #define HAVE_SYS_STAT_H 1
| #define HAVE_STDLIB_H 1
| #define HAVE_STRING_H 1
| #define HAVE_MEMORY_H 1
| #define HAVE_STRINGS_H 1
| #define HAVE_INTTYPES_H 1
| #define HAVE_STDINT_H 1
| #define HAVE_UNISTD_H 1
| #define HAVE_DLFCN_H 1
| #define LT_OBJDIR ".libs/"
| #define HAVE_ASSERT_H 1
| #define HAVE_FCNTL_H 1
| #define HAVE_LIMITS_H 1
| #define HAVE_MALLOC_H 1
| #define HAVE_SEARCH_H 1
| #define HAVE_SYS_TIME_H 1
| #define HAVE_UNISTD_H 1
| #define TIME_WITH_SYS_TIME 1
| #define HAVE_FSEEKO 1
| #define HAVE_DECL_OPTARG 1
| #define SIZEOF_SIGNED_SHORT 2
| #define SIZEOF_UNSIGNED_SHORT 2
| #define SIZEOF_SIGNED_INT 4
| #define SIZEOF_UNSIGNED_INT 4
| #define SIZEOF_SIGNED_LONG 4
| #define SIZEOF_UNSIGNED_LONG 4
| #define SIZEOF_SIGNED_LONG_LONG 8
| /* end confdefs.h.  */
| #include <stdio.h>
| #ifdef HAVE_SYS_TYPES_H
| # include <sys/types.h>
| #endif
| #ifdef HAVE_SYS_STAT_H
| # include <sys/stat.h>
| #endif
| #ifdef STDC_HEADERS
| # include <stdlib.h>
| # include <stddef.h>
| #else
| # ifdef HAVE_STDLIB_H
| #  include <stdlib.h>
| # endif
| #endif
| #ifdef HAVE_STRING_H
| # if !defined STDC_HEADERS && defined HAVE_MEMORY_H
| #  include <memory.h>
| # endif
| # include <string.h>
| #endif
| #ifdef HAVE_STRINGS_H
| # include <strings.h>
| #endif
| #ifdef HAVE_INTTYPES_H
| # include <inttypes.h>
| #endif
| #ifdef HAVE_STDINT_H
| # include <stdint.h>
| #endif
| #ifdef HAVE_UNISTD_H
| # include <unistd.h>
| #endif
| int
| main ()
| {
| static int test_array [1 - 2 * !(((long int) (sizeof (unsigned long long))) <= 7)];
| test_array [0] = 0;
| return test_array [0];
| 
|   ;
|   return 0;
| }
configure:17754: arm-linux-gnueabihf-gcc -c  -Wall -W  conftest.c >&5
configure:17754: $? = 0
configure:17754: arm-linux-gnueabihf-gcc -c  -Wall -W  conftest.c >&5
configure:17754: $? = 0
configure:17754: arm-linux-gnueabihf-gcc -c  -Wall -W  conftest.c >&5
configure:17754: $? = 0
configure:17754: arm-linux-gnueabihf-gcc -c  -Wall -W  conftest.c >&5
configure:17754: $? = 0
configure:17768: result: 8
configure:17786: checking size of unsigned char *
configure:17791: arm-linux-gnueabihf-gcc -c  -Wall -W  conftest.c >&5
configure:17791: $? = 0
configure:17791: arm-linux-gnueabihf-gcc -c  -Wall -W  conftest.c >&5
conftest.c: In function 'main':
conftest.c:77:12: error: size of array 'test_array' is negative
   77 | static int test_array [1 - 2 * !(((long int) (sizeof (unsigned char *))) <= 0)];
      |            ^~~~~~~~~~
configure:17791: $? = 1
configure: failed program was:
| /* confdefs.h */
| #define PACKAGE_NAME "LibTIFF Software"
| #define PACKAGE_TARNAME "tiff"
| #define PACKAGE_VERSION "4.0.6"
| #define PACKAGE_STRING "LibTIFF Software 4.0.6"
| #define PACKAGE_BUGREPORT "tiff@lists.maptools.org"
| #define PACKAGE_URL ""
| #define PACKAGE "tiff"
| #define VERSION "4.0.6"
| #define STDC_HEADERS 1
| #define HAVE_SYS_TYPES_H 1
| #define HAVE_SYS_STAT_H 1
| #define HAVE_STDLIB_H 1
| #define HAVE_STRING_H 1
| #define HAVE_MEMORY_H 1
| #define HAVE_STRINGS_H 1
| #define HAVE_INTTYPES_H 1
| #define HAVE_STDINT_H 1
| #define HAVE_UNISTD_H 1
| #define HAVE_DLFCN_H 1
| #define LT_OBJDIR ".libs/"
| #define HAVE_ASSERT_H 1
| #define HAVE_FCNTL_H 1
| #define HAVE_LIMITS_H 1
| #define HAVE_MALLOC_H 1
| #define HAVE_SEARCH_H 1
| #define HAVE_SYS_TIME_H 1
| #define HAVE_UNISTD_H 1
| #define TIME_WITH_SYS_TIME 1
| #define HAVE_FSEEKO 1
| #define HAVE_DECL_OPTARG 1
| #define SIZEOF_SIGNED_SHORT 2
| #define SIZEOF_UNSIGNED_SHORT 2
| #define SIZEOF_SIGNED_INT 4
| #define SIZEOF_UNSIGNED_INT 4
| #define SIZEOF_SIGNED_LONG 4
| #define SIZEOF_UNSIGNED_LONG 4
| #define SIZEOF_SIGNED_LONG_LONG 8
| #define SIZEOF_UNSIGNED_LONG_LONG 8
| /* end confdefs.h.  */
| #include <stdio.h>
| #ifdef HAVE_SYS_TYPES_H
| # include <sys/types.h>
| #endif
| #ifdef HAVE_SYS_STAT_H
| # include <sys/stat.h>
| #endif
| #ifdef STDC_HEADERS
| # include <stdlib.h>
| # include <stddef.h>
| #else
| # ifdef HAVE_STDLIB_H
| #  include <stdlib.h>
| # endif
| #endif
| #ifdef HAVE_STRING_H
| # if !defined STDC_HEADERS && defined HAVE_MEMORY_H
| #  include <memory.h>
| # endif
| # include <string.h>
| #endif
| #ifdef HAVE_STRINGS_H
| # include <strings.h>
| #endif
| #ifdef HAVE_INTTYPES_H
| # include <inttypes.h>
| #endif
| #ifdef HAVE_STDINT_H
| # include <stdint.h>
| #endif
| #ifdef HAVE_UNISTD_H
| # include <unistd.h>
| #endif
| int
| main ()
| {
| static int test_array [1 - 2 * !(((long int) (sizeof (unsigned char *))) <= 0)];
| test_array [0] = 0;
| return test_array [0];
| 
|   ;
|   return 0;
| }
configure:17791: arm-linux-gnueabihf-gcc -c  -Wall -W  conftest.c >&5
conftest.c: In function 'main':
conftest.c:77:12: error: size of array 'test_array' is negative
   77 | static int test_array [1 - 2 * !(((long int) (sizeof (unsigned char *))) <= 1)];
      |            ^~~~~~~~~~
configure:17791: $? = 1
configure: failed program was:
| /* confdefs.h */
| #define PACKAGE_NAME "LibTIFF Software"
| #define PACKAGE_TARNAME "tiff"
| #define PACKAGE_VERSION "4.0.6"
| #define PACKAGE_STRING "LibTIFF Software 4.0.6"
| #define PACKAGE_BUGREPORT "tiff@lists.maptools.org"
| #define PACKAGE_URL ""
| #define PACKAGE "tiff"
| #define VERSION "4.0.6"
| #define STDC_HEADERS 1
| #define HAVE_SYS_TYPES_H 1
| #define HAVE_SYS_STAT_H 1
| #define HAVE_STDLIB_H 1
| #define HAVE_STRING_H 1
| #define HAVE_MEMORY_H 1
| #define HAVE_STRINGS_H 1
| #define HAVE_INTTYPES_H 1
| #define HAVE_STDINT_H 1
| #define HAVE_UNISTD_H 1
| #define HAVE_DLFCN_H 1
| #define LT_OBJDIR ".libs/"
| #define HAVE_ASSERT_H 1
| #define HAVE_FCNTL_H 1
| #define HAVE_LIMITS_H 1
| #define HAVE_MALLOC_H 1
| #define HAVE_SEARCH_H 1
| #define HAVE_SYS_TIME_H 1
| #define HAVE_UNISTD_H 1
| #define TIME_WITH_SYS_TIME 1
| #define HAVE_FSEEKO 1
| #define HAVE_DECL_OPTARG 1
| #define SIZEOF_SIGNED_SHORT 2
| #define SIZEOF_UNSIGNED_SHORT 2
| #define SIZEOF_SIGNED_INT 4
| #define SIZEOF_UNSIGNED_INT 4
| #define SIZEOF_SIGNED_LONG 4
| #define SIZEOF_UNSIGNED_LONG 4
| #define SIZEOF_SIGNED_LONG_LONG 8
| #define SIZEOF_UNSIGNED_LONG_LONG 8
| /* end confdefs.h.  */
| #include <stdio.h>
| #ifdef HAVE_SYS_TYPES_H
| # include <sys/types.h>
| #endif
| #ifdef HAVE_SYS_STAT_H
| # include <sys/stat.h>
| #endif
| #ifdef STDC_HEADERS
| # include <stdlib.h>
| # include <stddef.h>
| #else
| # ifdef HAVE_STDLIB_H
| #  include <stdlib.h>
| # endif
| #endif
| #ifdef HAVE_STRING_H
| # if !defined STDC_HEADERS && defined HAVE_MEMORY_H
| #  include <memory.h>
| # endif
| # include <string.h>
| #endif
| #ifdef HAVE_STRINGS_H
| # include <strings.h>
| #endif
| #ifdef HAVE_INTTYPES_H
| # include <inttypes.h>
| #endif
| #ifdef HAVE_STDINT_H
| # include <stdint.h>
| #endif
| #ifdef HAVE_UNISTD_H
| # include <unistd.h>
| #endif
| int
| main ()
| {
| static int test_array [1 - 2 * !(((long int) (sizeof (unsigned char *))) <= 1)];
| test_array [0] = 0;
| return test_array [0];
| 
|   ;
|   return 0;
| }
configure:17791: arm-linux-gnueabihf-gcc -c  -Wall -W  conftest.c >&5
conftest.c: In function 'main':
conftest.c:77:12: error: size of array 'test_array' is negative
   77 | static int test_array [1 - 2 * !(((long int) (sizeof (unsigned char *))) <= 3)];
      |            ^~~~~~~~~~
configure:17791: $? = 1
configure: failed program was:
| /* confdefs.h */
| #define PACKAGE_NAME "LibTIFF Software"
| #define PACKAGE_TARNAME "tiff"
| #define PACKAGE_VERSION "4.0.6"
| #define PACKAGE_STRING "LibTIFF Software 4.0.6"
| #define PACKAGE_BUGREPORT "tiff@lists.maptools.org"
| #define PACKAGE_URL ""
| #define PACKAGE "tiff"
| #define VERSION "4.0.6"
| #define STDC_HEADERS 1
| #define HAVE_SYS_TYPES_H 1
| #define HAVE_SYS_STAT_H 1
| #define HAVE_STDLIB_H 1
| #define HAVE_STRING_H 1
| #define HAVE_MEMORY_H 1
| #define HAVE_STRINGS_H 1
| #define HAVE_INTTYPES_H 1
| #define HAVE_STDINT_H 1
| #define HAVE_UNISTD_H 1
| #define HAVE_DLFCN_H 1
| #define LT_OBJDIR ".libs/"
| #define HAVE_ASSERT_H 1
| #define HAVE_FCNTL_H 1
| #define HAVE_LIMITS_H 1
| #define HAVE_MALLOC_H 1
| #define HAVE_SEARCH_H 1
| #define HAVE_SYS_TIME_H 1
| #define HAVE_UNISTD_H 1
| #define TIME_WITH_SYS_TIME 1
| #define HAVE_FSEEKO 1
| #define HAVE_DECL_OPTARG 1
| #define SIZEOF_SIGNED_SHORT 2
| #define SIZEOF_UNSIGNED_SHORT 2
| #define SIZEOF_SIGNED_INT 4
| #define SIZEOF_UNSIGNED_INT 4
| #define SIZEOF_SIGNED_LONG 4
| #define SIZEOF_UNSIGNED_LONG 4
| #define SIZEOF_SIGNED_LONG_LONG 8
| #define SIZEOF_UNSIGNED_LONG_LONG 8
| /* end confdefs.h.  */
| #include <stdio.h>
| #ifdef HAVE_SYS_TYPES_H
| # include <sys/types.h>
| #endif
| #ifdef HAVE_SYS_STAT_H
| # include <sys/stat.h>
| #endif
| #ifdef STDC_HEADERS
| # include <stdlib.h>
| # include <stddef.h>
| #else
| # ifdef HAVE_STDLIB_H
| #  include <stdlib.h>
| # endif
| #endif
| #ifdef HAVE_STRING_H
| # if !defined STDC_HEADERS && defined HAVE_MEMORY_H
| #  include <memory.h>
| # endif
| # include <string.h>
| #endif
| #ifdef HAVE_STRINGS_H
| # include <strings.h>
| #endif
| #ifdef HAVE_INTTYPES_H
| # include <inttypes.h>
| #endif
| #ifdef HAVE_STDINT_H
| # include <stdint.h>
| #endif
| #ifdef HAVE_UNISTD_H
| # include <unistd.h>
| #endif
| int
| main ()
| {
| static int test_array [1 - 2 * !(((long int) (sizeof (unsigned char *))) <= 3)];
| test_array [0] = 0;
| return test_array [0];
| 
|   ;
|   return 0;
| }
configure:17791: arm-linux-gnueabihf-gcc -c  -Wall -W  conftest.c >&5
configure:17791: $? = 0
configure:17791: arm-linux-gnueabihf-gcc -c  -Wall -W  conftest.c >&5
configure:17791: $? = 0
configure:17791: arm-linux-gnueabihf-gcc -c  -Wall -W  conftest.c >&5
configure:17791: $? = 0
configure:17805: result: 4
configure:17822: checking size of size_t
configure:17827: arm-linux-gnueabihf-gcc -c  -Wall -W  conftest.c >&5
configure:17827: $? = 0
configure:17827: arm-linux-gnueabihf-gcc -c  -Wall -W  conftest.c >&5
conftest.c: In function 'main':
conftest.c:78:12: error: size of array 'test_array' is negative
   78 | static int test_array [1 - 2 * !(((long int) (sizeof (size_t))) <= 0)];
      |            ^~~~~~~~~~
configure:17827: $? = 1
configure: failed program was:
| /* confdefs.h */
| #define PACKAGE_NAME "LibTIFF Software"
| #define PACKAGE_TARNAME "tiff"
| #define PACKAGE_VERSION "4.0.6"
| #define PACKAGE_STRING "LibTIFF Software 4.0.6"
| #define PACKAGE_BUGREPORT "tiff@lists.maptools.org"
| #define PACKAGE_URL ""
| #define PACKAGE "tiff"
| #define VERSION "4.0.6"
| #define STDC_HEADERS 1
| #define HAVE_SYS_TYPES_H 1
| #define HAVE_SYS_STAT_H 1
| #define HAVE_STDLIB_H 1
| #define HAVE_STRING_H 1
| #define HAVE_MEMORY_H 1
| #define HAVE_STRINGS_H 1
| #define HAVE_INTTYPES_H 1
| #define HAVE_STDINT_H 1
| #define HAVE_UNISTD_H 1
| #define HAVE_DLFCN_H 1
| #define LT_OBJDIR ".libs/"
| #define HAVE_ASSERT_H 1
| #define HAVE_FCNTL_H 1
| #define HAVE_LIMITS_H 1
| #define HAVE_MALLOC_H 1
| #define HAVE_SEARCH_H 1
| #define HAVE_SYS_TIME_H 1
| #define HAVE_UNISTD_H 1
| #define TIME_WITH_SYS_TIME 1
| #define HAVE_FSEEKO 1
| #define HAVE_DECL_OPTARG 1
| #define SIZEOF_SIGNED_SHORT 2
| #define SIZEOF_UNSIGNED_SHORT 2
| #define SIZEOF_SIGNED_INT 4
| #define SIZEOF_UNSIGNED_INT 4
| #define SIZEOF_SIGNED_LONG 4
| #define SIZEOF_UNSIGNED_LONG 4
| #define SIZEOF_SIGNED_LONG_LONG 8
| #define SIZEOF_UNSIGNED_LONG_LONG 8
| #define SIZEOF_UNSIGNED_CHAR_P 4
| /* end confdefs.h.  */
| #include <stdio.h>
| #ifdef HAVE_SYS_TYPES_H
| # include <sys/types.h>
| #endif
| #ifdef HAVE_SYS_STAT_H
| # include <sys/stat.h>
| #endif
| #ifdef STDC_HEADERS
| # include <stdlib.h>
| # include <stddef.h>
| #else
| # ifdef HAVE_STDLIB_H
| #  include <stdlib.h>
| # endif
| #endif
| #ifdef HAVE_STRING_H
| # if !defined STDC_HEADERS && defined HAVE_MEMORY_H
| #  include <memory.h>
| # endif
| # include <string.h>
| #endif
| #ifdef HAVE_STRINGS_H
| # include <strings.h>
| #endif
| #ifdef HAVE_INTTYPES_H
| # include <inttypes.h>
| #endif
| #ifdef HAVE_STDINT_H
| # include <stdint.h>
| #endif
| #ifdef HAVE_UNISTD_H
| # include <unistd.h>
| #endif
| int
| main ()
| {
| static int test_array [1 - 2 * !(((long int) (sizeof (size_t))) <= 0)];
| test_array [0] = 0;
| return test_array [0];
| 
|   ;
|   return 0;
| }
configure:17827: arm-linux-gnueabihf-gcc -c  -Wall -W  conftest.c >&5
conftest.c: In function 'main':
conftest.c:78:12: error: size of array 'test_array' is negative
   78 | static int test_array [1 - 2 * !(((long int) (sizeof (size_t))) <= 1)];
      |            ^~~~~~~~~~
configure:17827: $? = 1
configure: failed program was:
| /* confdefs.h */
| #define PACKAGE_NAME "LibTIFF Software"
| #define PACKAGE_TARNAME "tiff"
| #define PACKAGE_VERSION "4.0.6"
| #define PACKAGE_STRING "LibTIFF Software 4.0.6"
| #define PACKAGE_BUGREPORT "tiff@lists.maptools.org"
| #define PACKAGE_URL ""
| #define PACKAGE "tiff"
| #define VERSION "4.0.6"
| #define STDC_HEADERS 1
| #define HAVE_SYS_TYPES_H 1
| #define HAVE_SYS_STAT_H 1
| #define HAVE_STDLIB_H 1
| #define HAVE_STRING_H 1
| #define HAVE_MEMORY_H 1
| #define HAVE_STRINGS_H 1
| #define HAVE_INTTYPES_H 1
| #define HAVE_STDINT_H 1
| #define HAVE_UNISTD_H 1
| #define HAVE_DLFCN_H 1
| #define LT_OBJDIR ".libs/"
| #define HAVE_ASSERT_H 1
| #define HAVE_FCNTL_H 1
| #define HAVE_LIMITS_H 1
| #define HAVE_MALLOC_H 1
| #define HAVE_SEARCH_H 1
| #define HAVE_SYS_TIME_H 1
| #define HAVE_UNISTD_H 1
| #define TIME_WITH_SYS_TIME 1
| #define HAVE_FSEEKO 1
| #define HAVE_DECL_OPTARG 1
| #define SIZEOF_SIGNED_SHORT 2
| #define SIZEOF_UNSIGNED_SHORT 2
| #define SIZEOF_SIGNED_INT 4
| #define SIZEOF_UNSIGNED_INT 4
| #define SIZEOF_SIGNED_LONG 4
| #define SIZEOF_UNSIGNED_LONG 4
| #define SIZEOF_SIGNED_LONG_LONG 8
| #define SIZEOF_UNSIGNED_LONG_LONG 8
| #define SIZEOF_UNSIGNED_CHAR_P 4
| /* end confdefs.h.  */
| #include <stdio.h>
| #ifdef HAVE_SYS_TYPES_H
| # include <sys/types.h>
| #endif
| #ifdef HAVE_SYS_STAT_H
| # include <sys/stat.h>
| #endif
| #ifdef STDC_HEADERS
| # include <stdlib.h>
| # include <stddef.h>
| #else
| # ifdef HAVE_STDLIB_H
| #  include <stdlib.h>
| # endif
| #endif
| #ifdef HAVE_STRING_H
| # if !defined STDC_HEADERS && defined HAVE_MEMORY_H
| #  include <memory.h>
| # endif
| # include <string.h>
| #endif
| #ifdef HAVE_STRINGS_H
| # include <strings.h>
| #endif
| #ifdef HAVE_INTTYPES_H
| # include <inttypes.h>
| #endif
| #ifdef HAVE_STDINT_H
| # include <stdint.h>
| #endif
| #ifdef HAVE_UNISTD_H
| # include <unistd.h>
| #endif
| int
| main ()
| {
| static int test_array [1 - 2 * !(((long int) (sizeof (size_t))) <= 1)];
| test_array [0] = 0;
| return test_array [0];
| 
|   ;
|   return 0;
| }
configure:17827: arm-linux-gnueabihf-gcc -c  -Wall -W  conftest.c >&5
conftest.c: In function 'main':
conftest.c:78:12: error: size of array 'test_array' is negative
   78 | static int test_array [1 - 2 * !(((long int) (sizeof (size_t))) <= 3)];
      |            ^~~~~~~~~~
configure:17827: $? = 1
configure: failed program was:
| /* confdefs.h */
| #define PACKAGE_NAME "LibTIFF Software"
| #define PACKAGE_TARNAME "tiff"
| #define PACKAGE_VERSION "4.0.6"
| #define PACKAGE_STRING "LibTIFF Software 4.0.6"
| #define PACKAGE_BUGREPORT "tiff@lists.maptools.org"
| #define PACKAGE_URL ""
| #define PACKAGE "tiff"
| #define VERSION "4.0.6"
| #define STDC_HEADERS 1
| #define HAVE_SYS_TYPES_H 1
| #define HAVE_SYS_STAT_H 1
| #define HAVE_STDLIB_H 1
| #define HAVE_STRING_H 1
| #define HAVE_MEMORY_H 1
| #define HAVE_STRINGS_H 1
| #define HAVE_INTTYPES_H 1
| #define HAVE_STDINT_H 1
| #define HAVE_UNISTD_H 1
| #define HAVE_DLFCN_H 1
| #define LT_OBJDIR ".libs/"
| #define HAVE_ASSERT_H 1
| #define HAVE_FCNTL_H 1
| #define HAVE_LIMITS_H 1
| #define HAVE_MALLOC_H 1
| #define HAVE_SEARCH_H 1
| #define HAVE_SYS_TIME_H 1
| #define HAVE_UNISTD_H 1
| #define TIME_WITH_SYS_TIME 1
| #define HAVE_FSEEKO 1
| #define HAVE_DECL_OPTARG 1
| #define SIZEOF_SIGNED_SHORT 2
| #define SIZEOF_UNSIGNED_SHORT 2
| #define SIZEOF_SIGNED_INT 4
| #define SIZEOF_UNSIGNED_INT 4
| #define SIZEOF_SIGNED_LONG 4
| #define SIZEOF_UNSIGNED_LONG 4
| #define SIZEOF_SIGNED_LONG_LONG 8
| #define SIZEOF_UNSIGNED_LONG_LONG 8
| #define SIZEOF_UNSIGNED_CHAR_P 4
| /* end confdefs.h.  */
| #include <stdio.h>
| #ifdef HAVE_SYS_TYPES_H
| # include <sys/types.h>
| #endif
| #ifdef HAVE_SYS_STAT_H
| # include <sys/stat.h>
| #endif
| #ifdef STDC_HEADERS
| # include <stdlib.h>
| # include <stddef.h>
| #else
| # ifdef HAVE_STDLIB_H
| #  include <stdlib.h>
| # endif
| #endif
| #ifdef HAVE_STRING_H
| # if !defined STDC_HEADERS && defined HAVE_MEMORY_H
| #  include <memory.h>
| # endif
| # include <string.h>
| #endif
| #ifdef HAVE_STRINGS_H
| # include <strings.h>
| #endif
| #ifdef HAVE_INTTYPES_H
| # include <inttypes.h>
| #endif
| #ifdef HAVE_STDINT_H
| # include <stdint.h>
| #endif
| #ifdef HAVE_UNISTD_H
| # include <unistd.h>
| #endif
| int
| main ()
| {
| static int test_array [1 - 2 * !(((long int) (sizeof (size_t))) <= 3)];
| test_array [0] = 0;
| return test_array [0];
| 
|   ;
|   return 0;
| }
configure:17827: arm-linux-gnueabihf-gcc -c  -Wall -W  conftest.c >&5
configure:17827: $? = 0
configure:17827: arm-linux-gnueabihf-gcc -c  -Wall -W  conftest.c >&5
configure:17827: $? = 0
configure:17827: arm-linux-gnueabihf-gcc -c  -Wall -W  conftest.c >&5
configure:17827: $? = 0
configure:17841: result: 4
configure:17852: checking for signed 8-bit type
configure:17855: result: signed char
configure:17863: checking for unsigned 8-bit type
configure:17866: result: unsigned char
configure:17874: checking for signed 16-bit type
configure:17877: result: signed short
configure:17886: checking for unsigned 16-bit type
configure:17889: result: unsigned short
configure:17897: checking for signed 32-bit type
configure:17910: result: signed int
configure:17923: checking for unsigned 32-bit type
configure:17936: result: unsigned int
configure:17949: checking for signed 64-bit type
configure:17972: result: signed long long
configure:17985: checking for unsigned 64-bit type
configure:18006: result: unsigned long long
configure:18023: checking for 'size_t' format specifier
configure:18048: result: "%u"
configure:18062: checking for signed size type
configure:18087: result: signed int
configure:18105: checking for ptrdiff_t
configure:18105: arm-linux-gnueabihf-gcc -c  -Wall -W  conftest.c >&5
configure:18105: $? = 0
configure:18105: arm-linux-gnueabihf-gcc -c  -Wall -W  conftest.c >&5
conftest.c: In function 'main':
conftest.c:95:24: error: expected expression before ')' token
   95 | if (sizeof ((ptrdiff_t)))
      |                        ^
configure:18105: $? = 1
configure: failed program was:
| /* confdefs.h */
| #define PACKAGE_NAME "LibTIFF Software"
| #define PACKAGE_TARNAME "tiff"
| #define PACKAGE_VERSION "4.0.6"
| #define PACKAGE_STRING "LibTIFF Software 4.0.6"
| #define PACKAGE_BUGREPORT "tiff@lists.maptools.org"
| #define PACKAGE_URL ""
| #define PACKAGE "tiff"
| #define VERSION "4.0.6"
| #define STDC_HEADERS 1
| #define HAVE_SYS_TYPES_H 1
| #define HAVE_SYS_STAT_H 1
| #define HAVE_STDLIB_H 1
| #define HAVE_STRING_H 1
| #define HAVE_MEMORY_H 1
| #define HAVE_STRINGS_H 1
| #define HAVE_INTTYPES_H 1
| #define HAVE_STDINT_H 1
| #define HAVE_UNISTD_H 1
| #define HAVE_DLFCN_H 1
| #define LT_OBJDIR ".libs/"
| #define HAVE_ASSERT_H 1
| #define HAVE_FCNTL_H 1
| #define HAVE_LIMITS_H 1
| #define HAVE_MALLOC_H 1
| #define HAVE_SEARCH_H 1
| #define HAVE_SYS_TIME_H 1
| #define HAVE_UNISTD_H 1
| #define TIME_WITH_SYS_TIME 1
| #define HAVE_FSEEKO 1
| #define HAVE_DECL_OPTARG 1
| #define SIZEOF_SIGNED_SHORT 2
| #define SIZEOF_UNSIGNED_SHORT 2
| #define SIZEOF_SIGNED_INT 4
| #define SIZEOF_UNSIGNED_INT 4
| #define SIZEOF_SIGNED_LONG 4
| #define SIZEOF_UNSIGNED_LONG 4
| #define SIZEOF_SIGNED_LONG_LONG 8
| #define SIZEOF_UNSIGNED_LONG_LONG 8
| #define SIZEOF_UNSIGNED_CHAR_P 4
| #define SIZEOF_SIZE_T 4
| #define TIFF_INT8_T signed char
| #define TIFF_UINT8_T unsigned char
| #define TIFF_INT16_T signed short
| #define TIFF_UINT16_T unsigned short
| #define TIFF_INT32_T signed int
| #define TIFF_INT32_FORMAT "%d"
| #define TIFF_UINT32_T unsigned int
| #define TIFF_UINT32_FORMAT "%u"
| #define TIFF_INT64_T signed long long
| #define TIFF_INT64_FORMAT "%lld"
| #define TIFF_UINT64_T unsigned long long
| #define TIFF_UINT64_FORMAT "%llu"
| #define TIFF_SIZE_T unsigned int
| #define TIFF_SIZE_FORMAT "%u"
| #define TIFF_SSIZE_T signed int
| #define TIFF_SSIZE_FORMAT "%d"
| /* end confdefs.h.  */
| #include <stdio.h>
| #ifdef HAVE_SYS_TYPES_H
| # include <sys/types.h>
| #endif
| #ifdef HAVE_SYS_STAT_H
| # include <sys/stat.h>
| #endif
| #ifdef STDC_HEADERS
| # include <stdlib.h>
| # include <stddef.h>
| #else
| # ifdef HAVE_STDLIB_H
| #  include <stdlib.h>
| # endif
| #endif
| #ifdef HAVE_STRING_H
| # if !defined STDC_HEADERS && defined HAVE_MEMORY_H
| #  include <memory.h>
| # endif
| # include <string.h>
| #endif
| #ifdef HAVE_STRINGS_H
| # include <strings.h>
| #endif
| #ifdef HAVE_INTTYPES_H
| # include <inttypes.h>
| #endif
| #ifdef HAVE_STDINT_H
| # include <stdint.h>
| #endif
| #ifdef HAVE_UNISTD_H
| # include <unistd.h>
| #endif
| int
| main ()
| {
| if (sizeof ((ptrdiff_t)))
| 	    return 0;
|   ;
|   return 0;
| }
configure:18105: result: yes
configure:18115: checking for pointer difference type
configure:18117: result: ptrdiff_t
configure:18130: checking for int8
configure:18130: arm-linux-gnueabihf-gcc -c  -Wall -W  conftest.c >&5
conftest.c: In function 'main':
conftest.c:70:13: error: 'int8' undeclared (first use in this function); did you mean 'int'?
   70 | if (sizeof (int8))
      |             ^~~~
      |             int
conftest.c:70:13: note: each undeclared identifier is reported only once for each function it appears in
configure:18130: $? = 1
configure: failed program was:
| /* confdefs.h */
| #define PACKAGE_NAME "LibTIFF Software"
| #define PACKAGE_TARNAME "tiff"
| #define PACKAGE_VERSION "4.0.6"
| #define PACKAGE_STRING "LibTIFF Software 4.0.6"
| #define PACKAGE_BUGREPORT "tiff@lists.maptools.org"
| #define PACKAGE_URL ""
| #define PACKAGE "tiff"
| #define VERSION "4.0.6"
| #define STDC_HEADERS 1
| #define HAVE_SYS_TYPES_H 1
| #define HAVE_SYS_STAT_H 1
| #define HAVE_STDLIB_H 1
| #define HAVE_STRING_H 1
| #define HAVE_MEMORY_H 1
| #define HAVE_STRINGS_H 1
| #define HAVE_INTTYPES_H 1
| #define HAVE_STDINT_H 1
| #define HAVE_UNISTD_H 1
| #define HAVE_DLFCN_H 1
| #define LT_OBJDIR ".libs/"
| #define HAVE_ASSERT_H 1
| #define HAVE_FCNTL_H 1
| #define HAVE_LIMITS_H 1
| #define HAVE_MALLOC_H 1
| #define HAVE_SEARCH_H 1
| #define HAVE_SYS_TIME_H 1
| #define HAVE_UNISTD_H 1
| #define TIME_WITH_SYS_TIME 1
| #define HAVE_FSEEKO 1
| #define HAVE_DECL_OPTARG 1
| #define SIZEOF_SIGNED_SHORT 2
| #define SIZEOF_UNSIGNED_SHORT 2
| #define SIZEOF_SIGNED_INT 4
| #define SIZEOF_UNSIGNED_INT 4
| #define SIZEOF_SIGNED_LONG 4
| #define SIZEOF_UNSIGNED_LONG 4
| #define SIZEOF_SIGNED_LONG_LONG 8
| #define SIZEOF_UNSIGNED_LONG_LONG 8
| #define SIZEOF_UNSIGNED_CHAR_P 4
| #define SIZEOF_SIZE_T 4
| #define TIFF_INT8_T signed char
| #define TIFF_UINT8_T unsigned char
| #define TIFF_INT16_T signed short
| #define TIFF_UINT16_T unsigned short
| #define TIFF_INT32_T signed int
| #define TIFF_INT32_FORMAT "%d"
| #define TIFF_UINT32_T unsigned int
| #define TIFF_UINT32_FORMAT "%u"
| #define TIFF_INT64_T signed long long
| #define TIFF_INT64_FORMAT "%lld"
| #define TIFF_UINT64_T unsigned long long
| #define TIFF_UINT64_FORMAT "%llu"
| #define TIFF_SIZE_T unsigned int
| #define TIFF_SIZE_FORMAT "%u"
| #define TIFF_SSIZE_T signed int
| #define TIFF_SSIZE_FORMAT "%d"
| #define TIFF_PTRDIFF_T ptrdiff_t
| #define TIFF_PTRDIFF_FORMAT "%ld"
| /* end confdefs.h.  */
| 
| #if HAVE_INTTYPES_H
| # include <inttypes.h>
| #endif
| 
| 
| int
| main ()
| {
| if (sizeof (int8))
| 	 return 0;
|   ;
|   return 0;
| }
configure:18130: result: no
configure:18144: checking for int16
configure:18144: arm-linux-gnueabihf-gcc -c  -Wall -W  conftest.c >&5
conftest.c: In function 'main':
conftest.c:70:13: error: 'int16' undeclared (first use in this function); did you mean 'int16_t'?
   70 | if (sizeof (int16))
      |             ^~~~~
      |             int16_t
conftest.c:70:13: note: each undeclared identifier is reported only once for each function it appears in
configure:18144: $? = 1
configure: failed program was:
| /* confdefs.h */
| #define PACKAGE_NAME "LibTIFF Software"
| #define PACKAGE_TARNAME "tiff"
| #define PACKAGE_VERSION "4.0.6"
| #define PACKAGE_STRING "LibTIFF Software 4.0.6"
| #define PACKAGE_BUGREPORT "tiff@lists.maptools.org"
| #define PACKAGE_URL ""
| #define PACKAGE "tiff"
| #define VERSION "4.0.6"
| #define STDC_HEADERS 1
| #define HAVE_SYS_TYPES_H 1
| #define HAVE_SYS_STAT_H 1
| #define HAVE_STDLIB_H 1
| #define HAVE_STRING_H 1
| #define HAVE_MEMORY_H 1
| #define HAVE_STRINGS_H 1
| #define HAVE_INTTYPES_H 1
| #define HAVE_STDINT_H 1
| #define HAVE_UNISTD_H 1
| #define HAVE_DLFCN_H 1
| #define LT_OBJDIR ".libs/"
| #define HAVE_ASSERT_H 1
| #define HAVE_FCNTL_H 1
| #define HAVE_LIMITS_H 1
| #define HAVE_MALLOC_H 1
| #define HAVE_SEARCH_H 1
| #define HAVE_SYS_TIME_H 1
| #define HAVE_UNISTD_H 1
| #define TIME_WITH_SYS_TIME 1
| #define HAVE_FSEEKO 1
| #define HAVE_DECL_OPTARG 1
| #define SIZEOF_SIGNED_SHORT 2
| #define SIZEOF_UNSIGNED_SHORT 2
| #define SIZEOF_SIGNED_INT 4
| #define SIZEOF_UNSIGNED_INT 4
| #define SIZEOF_SIGNED_LONG 4
| #define SIZEOF_UNSIGNED_LONG 4
| #define SIZEOF_SIGNED_LONG_LONG 8
| #define SIZEOF_UNSIGNED_LONG_LONG 8
| #define SIZEOF_UNSIGNED_CHAR_P 4
| #define SIZEOF_SIZE_T 4
| #define TIFF_INT8_T signed char
| #define TIFF_UINT8_T unsigned char
| #define TIFF_INT16_T signed short
| #define TIFF_UINT16_T unsigned short
| #define TIFF_INT32_T signed int
| #define TIFF_INT32_FORMAT "%d"
| #define TIFF_UINT32_T unsigned int
| #define TIFF_UINT32_FORMAT "%u"
| #define TIFF_INT64_T signed long long
| #define TIFF_INT64_FORMAT "%lld"
| #define TIFF_UINT64_T unsigned long long
| #define TIFF_UINT64_FORMAT "%llu"
| #define TIFF_SIZE_T unsigned int
| #define TIFF_SIZE_FORMAT "%u"
| #define TIFF_SSIZE_T signed int
| #define TIFF_SSIZE_FORMAT "%d"
| #define TIFF_PTRDIFF_T ptrdiff_t
| #define TIFF_PTRDIFF_FORMAT "%ld"
| /* end confdefs.h.  */
| 
| #if HAVE_INTTYPES_H
| # include <inttypes.h>
| #endif
| 
| 
| int
| main ()
| {
| if (sizeof (int16))
| 	 return 0;
|   ;
|   return 0;
| }
configure:18144: result: no
configure:18158: checking for int32
configure:18158: arm-linux-gnueabihf-gcc -c  -Wall -W  conftest.c >&5
conftest.c: In function 'main':
conftest.c:70:13: error: 'int32' undeclared (first use in this function); did you mean 'int32_t'?
   70 | if (sizeof (int32))
      |             ^~~~~
      |             int32_t
conftest.c:70:13: note: each undeclared identifier is reported only once for each function it appears in
configure:18158: $? = 1
configure: failed program was:
| /* confdefs.h */
| #define PACKAGE_NAME "LibTIFF Software"
| #define PACKAGE_TARNAME "tiff"
| #define PACKAGE_VERSION "4.0.6"
| #define PACKAGE_STRING "LibTIFF Software 4.0.6"
| #define PACKAGE_BUGREPORT "tiff@lists.maptools.org"
| #define PACKAGE_URL ""
| #define PACKAGE "tiff"
| #define VERSION "4.0.6"
| #define STDC_HEADERS 1
| #define HAVE_SYS_TYPES_H 1
| #define HAVE_SYS_STAT_H 1
| #define HAVE_STDLIB_H 1
| #define HAVE_STRING_H 1
| #define HAVE_MEMORY_H 1
| #define HAVE_STRINGS_H 1
| #define HAVE_INTTYPES_H 1
| #define HAVE_STDINT_H 1
| #define HAVE_UNISTD_H 1
| #define HAVE_DLFCN_H 1
| #define LT_OBJDIR ".libs/"
| #define HAVE_ASSERT_H 1
| #define HAVE_FCNTL_H 1
| #define HAVE_LIMITS_H 1
| #define HAVE_MALLOC_H 1
| #define HAVE_SEARCH_H 1
| #define HAVE_SYS_TIME_H 1
| #define HAVE_UNISTD_H 1
| #define TIME_WITH_SYS_TIME 1
| #define HAVE_FSEEKO 1
| #define HAVE_DECL_OPTARG 1
| #define SIZEOF_SIGNED_SHORT 2
| #define SIZEOF_UNSIGNED_SHORT 2
| #define SIZEOF_SIGNED_INT 4
| #define SIZEOF_UNSIGNED_INT 4
| #define SIZEOF_SIGNED_LONG 4
| #define SIZEOF_UNSIGNED_LONG 4
| #define SIZEOF_SIGNED_LONG_LONG 8
| #define SIZEOF_UNSIGNED_LONG_LONG 8
| #define SIZEOF_UNSIGNED_CHAR_P 4
| #define SIZEOF_SIZE_T 4
| #define TIFF_INT8_T signed char
| #define TIFF_UINT8_T unsigned char
| #define TIFF_INT16_T signed short
| #define TIFF_UINT16_T unsigned short
| #define TIFF_INT32_T signed int
| #define TIFF_INT32_FORMAT "%d"
| #define TIFF_UINT32_T unsigned int
| #define TIFF_UINT32_FORMAT "%u"
| #define TIFF_INT64_T signed long long
| #define TIFF_INT64_FORMAT "%lld"
| #define TIFF_UINT64_T unsigned long long
| #define TIFF_UINT64_FORMAT "%llu"
| #define TIFF_SIZE_T unsigned int
| #define TIFF_SIZE_FORMAT "%u"
| #define TIFF_SSIZE_T signed int
| #define TIFF_SSIZE_FORMAT "%d"
| #define TIFF_PTRDIFF_T ptrdiff_t
| #define TIFF_PTRDIFF_FORMAT "%ld"
| /* end confdefs.h.  */
| 
| #if HAVE_INTTYPES_H
| # include <inttypes.h>
| #endif
| 
| 
| int
| main ()
| {
| if (sizeof (int32))
| 	 return 0;
|   ;
|   return 0;
| }
configure:18158: result: no
configure:18178: checking for floor
configure:18178: arm-linux-gnueabihf-gcc -o conftest  -Wall -W   conftest.c -lm  >&5
conftest.c:84:6: warning: conflicting types for built-in function 'floor'; expected 'double(double)' [-Wbuiltin-declaration-mismatch]
   84 | char floor ();
      |      ^~~~~
conftest.c:72:1: note: 'floor' is declared in header '<math.h>'
   71 | # include <limits.h>
   72 | #else
configure:18178: $? = 0
configure:18178: result: yes
configure:18178: checking for isascii
configure:18178: arm-linux-gnueabihf-gcc -o conftest  -Wall -W   conftest.c -lm  >&5
conftest.c:85:6: warning: conflicting types for built-in function 'isascii'; expected 'int(int)' [-Wbuiltin-declaration-mismatch]
   85 | char isascii ();
      |      ^~~~~~~
configure:18178: $? = 0
configure:18178: result: yes
configure:18178: checking for memmove
configure:18178: arm-linux-gnueabihf-gcc -o conftest  -Wall -W   conftest.c -lm  >&5
conftest.c:86:6: warning: conflicting types for built-in function 'memmove'; expected 'void *(void *, const void *, unsigned int)' [-Wbuiltin-declaration-mismatch]
   86 | char memmove ();
      |      ^~~~~~~
conftest.c:74:1: note: 'memmove' is declared in header '<string.h>'
   73 | # include <limits.h>
   74 | #else
configure:18178: $? = 0
configure:18178: result: yes
configure:18178: checking for memset
configure:18178: arm-linux-gnueabihf-gcc -o conftest  -Wall -W   conftest.c -lm  >&5
conftest.c:87:6: warning: conflicting types for built-in function 'memset'; expected 'void *(void *, int,  unsigned int)' [-Wbuiltin-declaration-mismatch]
   87 | char memset ();
      |      ^~~~~~
conftest.c:75:1: note: 'memset' is declared in header '<string.h>'
   74 | # include <limits.h>
   75 | #else
configure:18178: $? = 0
configure:18178: result: yes
configure:18178: checking for mmap
configure:18178: arm-linux-gnueabihf-gcc -o conftest  -Wall -W   conftest.c -lm  >&5
configure:18178: $? = 0
configure:18178: result: yes
configure:18178: checking for pow
configure:18178: arm-linux-gnueabihf-gcc -o conftest  -Wall -W   conftest.c -lm  >&5
conftest.c:89:6: warning: conflicting types for built-in function 'pow'; expected 'double(double,  double)' [-Wbuiltin-declaration-mismatch]
   89 | char pow ();
      |      ^~~
conftest.c:77:1: note: 'pow' is declared in header '<math.h>'
   76 | # include <limits.h>
   77 | #else
configure:18178: $? = 0
configure:18178: result: yes
configure:18178: checking for setmode
configure:18178: arm-linux-gnueabihf-gcc -o conftest  -Wall -W   conftest.c -lm  >&5
/usr/lib/gcc-cross/arm-linux-gnueabihf/15/../../../../arm-linux-gnueabihf/bin/ld: /tmp/ccdxGKlT.o: in function `main':
conftest.c:(.text+0x4): undefined reference to `setmode'
collect2: error: ld returned 1 exit status
configure:18178: $? = 1
configure: failed program was:
| /* confdefs.h */
| #define PACKAGE_NAME "LibTIFF Software"
| #define PACKAGE_TARNAME "tiff"
| #define PACKAGE_VERSION "4.0.6"
| #define PACKAGE_STRING "LibTIFF Software 4.0.6"
| #define PACKAGE_BUGREPORT "tiff@lists.maptools.org"
| #define PACKAGE_URL ""
| #define PACKAGE "tiff"
| #define VERSION "4.0.6"
| #define STDC_HEADERS 1
| #define HAVE_SYS_TYPES_H 1
| #define HAVE_SYS_STAT_H 1
| #define HAVE_STDLIB_H 1
| #define HAVE_STRING_H 1
| #define HAVE_MEMORY_H 1
| #define HAVE_STRINGS_H 1
| #define HAVE_INTTYPES_H 1
| #define HAVE_STDINT_H 1
| #define HAVE_UNISTD_H 1
| #define HAVE_DLFCN_H 1
| #define LT_OBJDIR ".libs/"
| #define HAVE_ASSERT_H 1
| #define HAVE_FCNTL_H 1
| #define HAVE_LIMITS_H 1
| #define HAVE_MALLOC_H 1
| #define HAVE_SEARCH_H 1
| #define HAVE_SYS_TIME_H 1
| #define HAVE_UNISTD_H 1
| #define TIME_WITH_SYS_TIME 1
| #define HAVE_FSEEKO 1
| #define HAVE_DECL_OPTARG 1
| #define SIZEOF_SIGNED_SHORT 2
| #define SIZEOF_UNSIGNED_SHORT 2
| #define SIZEOF_SIGNED_INT 4
| #define SIZEOF_UNSIGNED_INT 4
| #define SIZEOF_SIGNED_LONG 4
| #define SIZEOF_UNSIGNED_LONG 4
| #define SIZEOF_SIGNED_LONG_LONG 8
| #define SIZEOF_UNSIGNED_LONG_LONG 8
| #define SIZEOF_UNSIGNED_CHAR_P 4
| #define SIZEOF_SIZE_T 4
| #define TIFF_INT8_T signed char
| #define TIFF_UINT8_T unsigned char
| #define TIFF_INT16_T signed short
| #define TIFF_UINT16_T unsigned short
| #define TIFF_INT32_T signed int
| #define TIFF_INT32_FORMAT "%d"
| #define TIFF_UINT32_T unsigned int
| #define TIFF_UINT32_FORMAT "%u"
| #define TIFF_INT64_T signed long long
| #define TIFF_INT64_FORMAT "%lld"
| #define TIFF_UINT64_T unsigned long long
| #define TIFF_UINT64_FORMAT "%llu"
| #define TIFF_SIZE_T unsigned int
| #define TIFF_SIZE_FORMAT "%u"
| #define TIFF_SSIZE_T signed int
| #define TIFF_SSIZE_FORMAT "%d"
| #define TIFF_PTRDIFF_T ptrdiff_t
| #define TIFF_PTRDIFF_FORMAT "%ld"
| #define HAVE_FLOOR 1
| #define HAVE_ISASCII 1
| #define HAVE_MEMMOVE 1
| #define HAVE_MEMSET 1
| #define HAVE_MMAP 1
| #define HAVE_POW 1
| /* end confdefs.h.  */
| /* Define setmode to an innocuous variant, in case <limits.h> declares setmode.
|    For example, HP-UX 11i <limits.h> declares gettimeofday.  */
| #define setmode innocuous_setmode
| 
| /* System header to define __stub macros and hopefully few prototypes,
|     which can conflict with char setmode (); below.
|     Prefer <limits.h> to <assert.h> if __STDC__ is defined, since
|     <limits.h> exists even on freestanding compilers.  */
| 
| #ifdef __STDC__
| # include <limits.h>
| #else
| # include <assert.h>
| #endif
| 
| #undef setmode
| 
| /* Override any GCC internal prototype to avoid an error.
|    Use char because int might match the return type of a GCC
|    builtin and then its argument prototype would still apply.  */
| #ifdef __cplusplus
| extern "C"
| #endif
| char setmode ();
| /* The GNU C library defines this for functions which it implements
|     to always fail with ENOSYS.  Some functions are actually named
|     something starting with __ and the normal name is an alias.  */
| #if defined __stub_setmode || defined __stub___setmode
| choke me
| #endif
| 
| int
| main ()
| {
| return setmode ();
|   ;
|   return 0;
| }
configure:18178: result: no
configure:18178: checking for snprintf
configure:18178: arm-linux-gnueabihf-gcc -o conftest  -Wall -W   conftest.c -lm  >&5
conftest.c:90:6: warning: conflicting types for built-in function 'snprintf'; expected 'int(char *, unsigned int,  const char *, ...)' [-Wbuiltin-declaration-mismatch]
   90 | char snprintf ();
      |      ^~~~~~~~
conftest.c:78:1: note: 'snprintf' is declared in header '<stdio.h>'
   77 | # include <limits.h>
   78 | #else
configure:18178: $? = 0
configure:18178: result: yes
configure:18178: checking for sqrt
configure:18178: arm-linux-gnueabihf-gcc -o conftest  -Wall -W   conftest.c -lm  >&5
conftest.c:91:6: warning: conflicting types for built-in function 'sqrt'; expected 'double(double)' [-Wbuiltin-declaration-mismatch]
   91 | char sqrt ();
      |      ^~~~
conftest.c:79:1: note: 'sqrt' is declared in header '<math.h>'
   78 | # include <limits.h>
   79 | #else
configure:18178: $? = 0
configure:18178: result: yes
configure:18178: checking for strchr
configure:18178: arm-linux-gnueabihf-gcc -o conftest  -Wall -W   conftest.c -lm  >&5
conftest.c:92:6: warning: conflicting types for built-in function 'strchr'; expected 'char *(const char *, int)' [-Wbuiltin-declaration-mismatch]
   92 | char strchr ();
      |      ^~~~~~
conftest.c:80:1: note: 'strchr' is declared in header '<string.h>'
   79 | # include <limits.h>
   80 | #else
configure:18178: $? = 0
configure:18178: result: yes
configure:18178: checking for strrchr
configure:18178: arm-linux-gnueabihf-gcc -o conftest  -Wall -W   conftest.c -lm  >&5
conftest.c:93:6: warning: conflicting types for built-in function 'strrchr'; expected 'char *(const char *, int)' [-Wbuiltin-declaration-mismatch]
   93 | char strrchr ();
      |      ^~~~~~~
conftest.c:81:1: note: 'strrchr' is declared in header '<string.h>'
   80 | # include <limits.h>
   81 | #else
configure:18178: $? = 0
configure:18178: result: yes
configure:18178: checking for strstr
configure:18178: arm-linux-gnueabihf-gcc -o conftest  -Wall -W   conftest.c -lm  >&5
conftest.c:94:6: warning: conflicting types for built-in function 'strstr'; expected 'char *(const char *, const char *)' [-Wbuiltin-declaration-mismatch]
   94 | char strstr ();
      |      ^~~~~~
conftest.c:82:1: note: 'strstr' is declared in header '<string.h>'
   81 | # include <limits.h>
   82 | #else
configure:18178: $? = 0
configure:18178: result: yes
configure:18178: checking for strtol
configure:18178: arm-linux-gnueabihf-gcc -o conftest  -Wall -W   conftest.c -lm  >&5
configure:18178: $? = 0
configure:18178: result: yes
configure:18178: checking for strtoul
configure:18178: arm-linux-gnueabihf-gcc -o conftest  -Wall -W   conftest.c -lm  >&5
configure:18178: $? = 0
configure:18178: result: yes
configure:18178: checking for strtoull
configure:18178: arm-linux-gnueabihf-gcc -o conftest  -Wall -W   conftest.c -lm  >&5
configure:18178: $? = 0
configure:18178: result: yes
configure:18188: checking for getopt
configure:18188: arm-linux-gnueabihf-gcc -o conftest  -Wall -W   conftest.c -lm  >&5
configure:18188: $? = 0
configure:18188: result: yes
configure:18202: checking for snprintf
configure:18202: result: yes
configure:18216: checking for strcasecmp
configure:18216: arm-linux-gnueabihf-gcc -o conftest  -Wall -W   conftest.c -lm  >&5
conftest.c:100:6: warning: conflicting types for built-in function 'strcasecmp'; expected 'int(const char *, const char *)' [-Wbuiltin-declaration-mismatch]
  100 | char strcasecmp ();
      |      ^~~~~~~~~~
configure:18216: $? = 0
configure:18216: result: yes
configure:18230: checking for strtoul
configure:18230: result: yes
configure:18244: checking for strtoull
configure:18244: result: yes
configure:18258: checking for lfind
configure:18258: arm-linux-gnueabihf-gcc -o conftest  -Wall -W   conftest.c -lm  >&5
configure:18258: $? = 0
configure:18258: result: yes
configure:18273: checking native cpu bit order
configure:18283: result: msb2lsb
configure:18339: checking for special C compiler options needed for large files
configure:18384: result: no
configure:18390: checking for _FILE_OFFSET_BITS value needed for large files
configure:18415: arm-linux-gnueabihf-gcc -c  -Wall -W  conftest.c >&5
configure:18415: $? = 0
configure:18447: result: no
configure:18802: checking for jpeg_read_scanlines in -ljpeg
configure:18827: arm-linux-gnueabihf-gcc -o conftest  -Wall -W   conftest.c -ljpeg  -lm  >&5
/usr/lib/gcc-cross/arm-linux-gnueabihf/15/../../../../arm-linux-gnueabihf/bin/ld: cannot find -ljpeg: No such file or directory
collect2: error: ld returned 1 exit status
configure:18827: $? = 1
configure: failed program was:
| /* confdefs.h */
| #define PACKAGE_NAME "LibTIFF Software"
| #define PACKAGE_TARNAME "tiff"
| #define PACKAGE_VERSION "4.0.6"
| #define PACKAGE_STRING "LibTIFF Software 4.0.6"
| #define PACKAGE_BUGREPORT "tiff@lists.maptools.org"
| #define PACKAGE_URL ""
| #define PACKAGE "tiff"
| #define VERSION "4.0.6"
| #define STDC_HEADERS 1
| #define HAVE_SYS_TYPES_H 1
| #define HAVE_SYS_STAT_H 1
| #define HAVE_STDLIB_H 1
| #define HAVE_STRING_H 1
| #define HAVE_MEMORY_H 1
| #define HAVE_STRINGS_H 1
| #define HAVE_INTTYPES_H 1
| #define HAVE_STDINT_H 1
| #define HAVE_UNISTD_H 1
| #define HAVE_DLFCN_H 1
| #define LT_OBJDIR ".libs/"
| #define HAVE_ASSERT_H 1
| #define HAVE_FCNTL_H 1
| #define HAVE_LIMITS_H 1
| #define HAVE_MALLOC_H 1
| #define HAVE_SEARCH_H 1
| #define HAVE_SYS_TIME_H 1
| #define HAVE_UNISTD_H 1
| #define TIME_WITH_SYS_TIME 1
| #define HAVE_FSEEKO 1
| #define HAVE_DECL_OPTARG 1
| #define SIZEOF_SIGNED_SHORT 2
| #define SIZEOF_UNSIGNED_SHORT 2
| #define SIZEOF_SIGNED_INT 4
| #define SIZEOF_UNSIGNED_INT 4
| #define SIZEOF_SIGNED_LONG 4
| #define SIZEOF_UNSIGNED_LONG 4
| #define SIZEOF_SIGNED_LONG_LONG 8
| #define SIZEOF_UNSIGNED_LONG_LONG 8
| #define SIZEOF_UNSIGNED_CHAR_P 4
| #define SIZEOF_SIZE_T 4
| #define TIFF_INT8_T signed char
| #define TIFF_UINT8_T unsigned char
| #define TIFF_INT16_T signed short
| #define TIFF_UINT16_T unsigned short
| #define TIFF_INT32_T signed int
| #define TIFF_INT32_FORMAT "%d"
| #define TIFF_UINT32_T unsigned int
| #define TIFF_UINT32_FORMAT "%u"
| #define TIFF_INT64_T signed long long
| #define TIFF_INT64_FORMAT "%lld"
| #define TIFF_UINT64_T unsigned long long
| #define TIFF_UINT64_FORMAT "%llu"
| #define TIFF_SIZE_T unsigned int
| #define TIFF_SIZE_FORMAT "%u"
| #define TIFF_SSIZE_T signed int
| #define TIFF_SSIZE_FORMAT "%d"
| #define TIFF_PTRDIFF_T ptrdiff_t
| #define TIFF_PTRDIFF_FORMAT "%ld"
| #define HAVE_FLOOR 1
| #define HAVE_ISASCII 1
| #define HAVE_MEMMOVE 1
| #define HAVE_MEMSET 1
| #define HAVE_MMAP 1
| #define HAVE_POW 1
| #define HAVE_SNPRINTF 1
| #define HAVE_SQRT 1
| #define HAVE_STRCHR 1
| #define HAVE_STRRCHR 1
| #define HAVE_STRSTR 1
| #define HAVE_STRTOL 1
| #define HAVE_STRTOUL 1
| #define HAVE_STRTOULL 1
| #define HAVE_GETOPT 1
| #define HAVE_SNPRINTF 1
| #define HAVE_STRCASECMP 1
| #define HAVE_STRTOUL 1
| #define HAVE_STRTOULL 1
| #define HAVE_LFIND 1
| #define HOST_FILLORDER FILLORDER_MSB2LSB
| #define HOST_BIGENDIAN 0
| #define HAVE_IEEEFP 1
| #define CCITT_SUPPORT 1
| #define PACKBITS_SUPPORT 1
| #define LZW_SUPPORT 1
| #define THUNDER_SUPPORT 1
| #define NEXT_SUPPORT 1
| #define LOGLUV_SUPPORT 1
| #define MDI_SUPPORT 1
| /* end confdefs.h.  */
| 
| /* Override any GCC internal prototype to avoid an error.
|    Use char because int might match the return type of a GCC
|    builtin and then its argument prototype would still apply.  */
| #ifdef __cplusplus
| extern "C"
| #endif
| char jpeg_read_scanlines ();
| int
| main ()
| {
| return jpeg_read_scanlines ();
|   ;
|   return 0;
| }
configure:18836: result: no
configure:18851: checking jpeglib.h usability
configure:18851: arm-linux-gnueabihf-gcc -c  -Wall -W  conftest.c >&5
conftest.c:124:10: fatal error: jpeglib.h: No such file or directory
  124 | #include <jpeglib.h>
      |          ^~~~~~~~~~~
compilation terminated.
configure:18851: $? = 1
configure: failed program was:
| /* confdefs.h */
| #define PACKAGE_NAME "LibTIFF Software"
| #define PACKAGE_TARNAME "tiff"
| #define PACKAGE_VERSION "4.0.6"
| #define PACKAGE_STRING "LibTIFF Software 4.0.6"
| #define PACKAGE_BUGREPORT "tiff@lists.maptools.org"
| #define PACKAGE_URL ""
| #define PACKAGE "tiff"
| #define VERSION "4.0.6"
| #define STDC_HEADERS 1
| #define HAVE_SYS_TYPES_H 1
| #define HAVE_SYS_STAT_H 1
| #define HAVE_STDLIB_H 1
| #define HAVE_STRING_H 1
| #define HAVE_MEMORY_H 1
| #define HAVE_STRINGS_H 1
| #define HAVE_INTTYPES_H 1
| #define HAVE_STDINT_H 1
| #define HAVE_UNISTD_H 1
| #define HAVE_DLFCN_H 1
| #define LT_OBJDIR ".libs/"
| #define HAVE_ASSERT_H 1
| #define HAVE_FCNTL_H 1
| #define HAVE_LIMITS_H 1
| #define HAVE_MALLOC_H 1
| #define HAVE_SEARCH_H 1
| #define HAVE_SYS_TIME_H 1
| #define HAVE_UNISTD_H 1
| #define TIME_WITH_SYS_TIME 1
| #define HAVE_FSEEKO 1
| #define HAVE_DECL_OPTARG 1
| #define SIZEOF_SIGNED_SHORT 2
| #define SIZEOF_UNSIGNED_SHORT 2
| #define SIZEOF_SIGNED_INT 4
| #define SIZEOF_UNSIGNED_INT 4
| #define SIZEOF_SIGNED_LONG 4
| #define SIZEOF_UNSIGNED_LONG 4
| #define SIZEOF_SIGNED_LONG_LONG 8
| #define SIZEOF_UNSIGNED_LONG_LONG 8
| #define SIZEOF_UNSIGNED_CHAR_P 4
| #define SIZEOF_SIZE_T 4
| #define TIFF_INT8_T signed char
| #define TIFF_UINT8_T unsigned char
| #define TIFF_INT16_T signed short
| #define TIFF_UINT16_T unsigned short
| #define TIFF_INT32_T signed int
| #define TIFF_INT32_FORMAT "%d"
| #define TIFF_UINT32_T unsigned int
| #define TIFF_UINT32_FORMAT "%u"
| #define TIFF_INT64_T signed long long
| #define TIFF_INT64_FORMAT "%lld"
| #define TIFF_UINT64_T unsigned long long
| #define TIFF_UINT64_FORMAT "%llu"
| #define TIFF_SIZE_T unsigned int
| #define TIFF_SIZE_FORMAT "%u"
| #define TIFF_SSIZE_T signed int
| #define TIFF_SSIZE_FORMAT "%d"
| #define TIFF_PTRDIFF_T ptrdiff_t
| #define TIFF_PTRDIFF_FORMAT "%ld"
| #define HAVE_FLOOR 1
| #define HAVE_ISASCII 1
| #define HAVE_MEMMOVE 1
| #define HAVE_MEMSET 1
| #define HAVE_MMAP 1
| #define HAVE_POW 1
| #define HAVE_SNPRINTF 1
| #define HAVE_SQRT 1
| #define HAVE_STRCHR 1
| #define HAVE_STRRCHR 1
| #define HAVE_STRSTR 1
| #define HAVE_STRTOL 1
| #define HAVE_STRTOUL 1
| #define HAVE_STRTOULL 1
| #define HAVE_GETOPT 1
| #define HAVE_SNPRINTF 1
| #define HAVE_STRCASECMP 1
| #define HAVE_STRTOUL 1
| #define HAVE_STRTOULL 1
| #define HAVE_LFIND 1
| #define HOST_FILLORDER FILLORDER_MSB2LSB
| #define HOST_BIGENDIAN 0
| #define HAVE_IEEEFP 1
| #define CCITT_SUPPORT 1
| #define PACKBITS_SUPPORT 1
| #define LZW_SUPPORT 1
| #define THUNDER_SUPPORT 1
| #define NEXT_SUPPORT 1
| #define LOGLUV_SUPPORT 1
| #define MDI_SUPPORT 1
| /* end confdefs.h.  */
| #include <stdio.h>
| #ifdef HAVE_SYS_TYPES_H
| # include <sys/types.h>
| #endif
| #ifdef HAVE_SYS_STAT_H
| # include <sys/stat.h>
| #endif
| #ifdef STDC_HEADERS
| # include <stdlib.h>
| # include <stddef.h>
| #else
| # ifdef HAVE_STDLIB_H
| #  include <stdlib.h>
| # endif
| #endif
| #ifdef HAVE_STRING_H
| # if !defined STDC_HEADERS && defined HAVE_MEMORY_H
| #  include <memory.h>
| # endif
| # include <string.h>
| #endif
| #ifdef HAVE_STRINGS_H
| # include <strings.h>
| #endif
| #ifdef HAVE_INTTYPES_H
| # include <inttypes.h>
| #endif
| #ifdef HAVE_STDINT_H
| # include <stdint.h>
| #endif
| #ifdef HAVE_UNISTD_H
| # include <unistd.h>
| #endif
| #include <jpeglib.h>
configure:18851: result: no
configure:18851: checking jpeglib.h presence
configure:18851: arm-linux-gnueabihf-gcc -E  conftest.c
conftest.c:91:10: fatal error: jpeglib.h: No such file or directory
   91 | #include <jpeglib.h>
      |          ^~~~~~~~~~~
compilation terminated.
configure:18851: $? = 1
configure: failed program was:
| /* confdefs.h */
| #define PACKAGE_NAME "LibTIFF Software"
| #define PACKAGE_TARNAME "tiff"
| #define PACKAGE_VERSION "4.0.6"
| #define PACKAGE_STRING "LibTIFF Software 4.0.6"
| #define PACKAGE_BUGREPORT "tiff@lists.maptools.org"
| #define PACKAGE_URL ""
| #define PACKAGE "tiff"
| #define VERSION "4.0.6"
| #define STDC_HEADERS 1
| #define HAVE_SYS_TYPES_H 1
| #define HAVE_SYS_STAT_H 1
| #define HAVE_STDLIB_H 1
| #define HAVE_STRING_H 1
| #define HAVE_MEMORY_H 1
| #define HAVE_STRINGS_H 1
| #define HAVE_INTTYPES_H 1
| #define HAVE_STDINT_H 1
| #define HAVE_UNISTD_H 1
| #define HAVE_DLFCN_H 1
| #define LT_OBJDIR ".libs/"
| #define HAVE_ASSERT_H 1
| #define HAVE_FCNTL_H 1
| #define HAVE_LIMITS_H 1
| #define HAVE_MALLOC_H 1
| #define HAVE_SEARCH_H 1
| #define HAVE_SYS_TIME_H 1
| #define HAVE_UNISTD_H 1
| #define TIME_WITH_SYS_TIME 1
| #define HAVE_FSEEKO 1
| #define HAVE_DECL_OPTARG 1
| #define SIZEOF_SIGNED_SHORT 2
| #define SIZEOF_UNSIGNED_SHORT 2
| #define SIZEOF_SIGNED_INT 4
| #define SIZEOF_UNSIGNED_INT 4
| #define SIZEOF_SIGNED_LONG 4
| #define SIZEOF_UNSIGNED_LONG 4
| #define SIZEOF_SIGNED_LONG_LONG 8
| #define SIZEOF_UNSIGNED_LONG_LONG 8
| #define SIZEOF_UNSIGNED_CHAR_P 4
| #define SIZEOF_SIZE_T 4
| #define TIFF_INT8_T signed char
| #define TIFF_UINT8_T unsigned char
| #define TIFF_INT16_T signed short
| #define TIFF_UINT16_T unsigned short
| #define TIFF_INT32_T signed int
| #define TIFF_INT32_FORMAT "%d"
| #define TIFF_UINT32_T unsigned int
| #define TIFF_UINT32_FORMAT "%u"
| #define TIFF_INT64_T signed long long
| #define TIFF_INT64_FORMAT "%lld"
| #define TIFF_UINT64_T unsigned long long
| #define TIFF_UINT64_FORMAT "%llu"
| #define TIFF_SIZE_T unsigned int
| #define TIFF_SIZE_FORMAT "%u"
| #define TIFF_SSIZE_T signed int
| #define TIFF_SSIZE_FORMAT "%d"
| #define TIFF_PTRDIFF_T ptrdiff_t
| #define TIFF_PTRDIFF_FORMAT "%ld"
| #define HAVE_FLOOR 1
| #define HAVE_ISASCII 1
| #define HAVE_MEMMOVE 1
| #define HAVE_MEMSET 1
| #define HAVE_MMAP 1
| #define HAVE_POW 1
| #define HAVE_SNPRINTF 1
| #define HAVE_SQRT 1
| #define HAVE_STRCHR 1
| #define HAVE_STRRCHR 1
| #define HAVE_STRSTR 1
| #define HAVE_STRTOL 1
| #define HAVE_STRTOUL 1
| #define HAVE_STRTOULL 1
| #define HAVE_GETOPT 1
| #define HAVE_SNPRINTF 1
| #define HAVE_STRCASECMP 1
| #define HAVE_STRTOUL 1
| #define HAVE_STRTOULL 1
| #define HAVE_LFIND 1
| #define HOST_FILLORDER FILLORDER_MSB2LSB
| #define HOST_BIGENDIAN 0
| #define HAVE_IEEEFP 1
| #define CCITT_SUPPORT 1
| #define PACKBITS_SUPPORT 1
| #define LZW_SUPPORT 1
| #define THUNDER_SUPPORT 1
| #define NEXT_SUPPORT 1
| #define LOGLUV_SUPPORT 1
| #define MDI_SUPPORT 1
| /* end confdefs.h.  */
| #include <jpeglib.h>
configure:18851: result: no
configure:18851: checking for jpeglib.h
configure:18851: result: no
configure:19065: checking for lzma_code in -llzma
configure:19090: arm-linux-gnueabihf-gcc -o conftest  -Wall -W   conftest.c -llzma  -lm  >&5
/usr/lib/gcc-cross/arm-linux-gnueabihf/15/../../../../arm-linux-gnueabihf/bin/ld: cannot find -llzma: No such file or directory
collect2: error: ld returned 1 exit status
configure:19090: $? = 1
configure: failed program was:
| /* confdefs.h */
| #define PACKAGE_NAME "LibTIFF Software"
| #define PACKAGE_TARNAME "tiff"
| #define PACKAGE_VERSION "4.0.6"
| #define PACKAGE_STRING "LibTIFF Software 4.0.6"
| #define PACKAGE_BUGREPORT "tiff@lists.maptools.org"
| #define PACKAGE_URL ""
| #define PACKAGE "tiff"
| #define VERSION "4.0.6"
| #define STDC_HEADERS 1
| #define HAVE_SYS_TYPES_H 1
| #define HAVE_SYS_STAT_H 1
| #define HAVE_STDLIB_H 1
| #define HAVE_STRING_H 1
| #define HAVE_MEMORY_H 1
| #define HAVE_STRINGS_H 1
| #define HAVE_INTTYPES_H 1
| #define HAVE_STDINT_H 1
| #define HAVE_UNISTD_H 1
| #define HAVE_DLFCN_H 1
| #define LT_OBJDIR ".libs/"
| #define HAVE_ASSERT_H 1
| #define HAVE_FCNTL_H 1
| #define HAVE_LIMITS_H 1
| #define HAVE_MALLOC_H 1
| #define HAVE_SEARCH_H 1
| #define HAVE_SYS_TIME_H 1
| #define HAVE_UNISTD_H 1
| #define TIME_WITH_SYS_TIME 1
| #define HAVE_FSEEKO 1
| #define HAVE_DECL_OPTARG 1
| #define SIZEOF_SIGNED_SHORT 2
| #define SIZEOF_UNSIGNED_SHORT 2
| #define SIZEOF_SIGNED_INT 4
| #define SIZEOF_UNSIGNED_INT 4
| #define SIZEOF_SIGNED_LONG 4
| #define SIZEOF_UNSIGNED_LONG 4
| #define SIZEOF_SIGNED_LONG_LONG 8
| #define SIZEOF_UNSIGNED_LONG_LONG 8
| #define SIZEOF_UNSIGNED_CHAR_P 4
| #define SIZEOF_SIZE_T 4
| #define TIFF_INT8_T signed char
| #define TIFF_UINT8_T unsigned char
| #define TIFF_INT16_T signed short
| #define TIFF_UINT16_T unsigned short
| #define TIFF_INT32_T signed int
| #define TIFF_INT32_FORMAT "%d"
| #define TIFF_UINT32_T unsigned int
| #define TIFF_UINT32_FORMAT "%u"
| #define TIFF_INT64_T signed long long
| #define TIFF_INT64_FORMAT "%lld"
| #define TIFF_UINT64_T unsigned long long
| #define TIFF_UINT64_FORMAT "%llu"
| #define TIFF_SIZE_T unsigned int
| #define TIFF_SIZE_FORMAT "%u"
| #define TIFF_SSIZE_T signed int
| #define TIFF_SSIZE_FORMAT "%d"
| #define TIFF_PTRDIFF_T ptrdiff_t
| #define TIFF_PTRDIFF_FORMAT "%ld"
| #define HAVE_FLOOR 1
| #define HAVE_ISASCII 1
| #define HAVE_MEMMOVE 1
| #define HAVE_MEMSET 1
| #define HAVE_MMAP 1
| #define HAVE_POW 1
| #define HAVE_SNPRINTF 1
| #define HAVE_SQRT 1
| #define HAVE_STRCHR 1
| #define HAVE_STRRCHR 1
| #define HAVE_STRSTR 1
| #define HAVE_STRTOL 1
| #define HAVE_STRTOUL 1
| #define HAVE_STRTOULL 1
| #define HAVE_GETOPT 1
| #define HAVE_SNPRINTF 1
| #define HAVE_STRCASECMP 1
| #define HAVE_STRTOUL 1
| #define HAVE_STRTOULL 1
| #define HAVE_LFIND 1
| #define HOST_FILLORDER FILLORDER_MSB2LSB
| #define HOST_BIGENDIAN 0
| #define HAVE_IEEEFP 1
| #define CCITT_SUPPORT 1
| #define PACKBITS_SUPPORT 1
| #define LZW_SUPPORT 1
| #define THUNDER_SUPPORT 1
| #define NEXT_SUPPORT 1
| #define LOGLUV_SUPPORT 1
| #define MDI_SUPPORT 1
| /* end confdefs.h.  */
| 
| /* Override any GCC internal prototype to avoid an error.
|    Use char because int might match the return type of a GCC
|    builtin and then its argument prototype would still apply.  */
| #ifdef __cplusplus
| extern "C"
| #endif
| char lzma_code ();
| int
| main ()
| {
| return lzma_code ();
|   ;
|   return 0;
| }
configure:19099: result: no
configure:19114: checking lzma.h usability
configure:19114: arm-linux-gnueabihf-gcc -c  -Wall -W  conftest.c >&5
conftest.c:124:10: fatal error: lzma.h: No such file or directory
  124 | #include <lzma.h>
      |          ^~~~~~~~
compilation terminated.
configure:19114: $? = 1
configure: failed program was:
| /* confdefs.h */
| #define PACKAGE_NAME "LibTIFF Software"
| #define PACKAGE_TARNAME "tiff"
| #define PACKAGE_VERSION "4.0.6"
| #define PACKAGE_STRING "LibTIFF Software 4.0.6"
| #define PACKAGE_BUGREPORT "tiff@lists.maptools.org"
| #define PACKAGE_URL ""
| #define PACKAGE "tiff"
| #define VERSION "4.0.6"
| #define STDC_HEADERS 1
| #define HAVE_SYS_TYPES_H 1
| #define HAVE_SYS_STAT_H 1
| #define HAVE_STDLIB_H 1
| #define HAVE_STRING_H 1
| #define HAVE_MEMORY_H 1
| #define HAVE_STRINGS_H 1
| #define HAVE_INTTYPES_H 1
| #define HAVE_STDINT_H 1
| #define HAVE_UNISTD_H 1
| #define HAVE_DLFCN_H 1
| #define LT_OBJDIR ".libs/"
| #define HAVE_ASSERT_H 1
| #define HAVE_FCNTL_H 1
| #define HAVE_LIMITS_H 1
| #define HAVE_MALLOC_H 1
| #define HAVE_SEARCH_H 1
| #define HAVE_SYS_TIME_H 1
| #define HAVE_UNISTD_H 1
| #define TIME_WITH_SYS_TIME 1
| #define HAVE_FSEEKO 1
| #define HAVE_DECL_OPTARG 1
| #define SIZEOF_SIGNED_SHORT 2
| #define SIZEOF_UNSIGNED_SHORT 2
| #define SIZEOF_SIGNED_INT 4
| #define SIZEOF_UNSIGNED_INT 4
| #define SIZEOF_SIGNED_LONG 4
| #define SIZEOF_UNSIGNED_LONG 4
| #define SIZEOF_SIGNED_LONG_LONG 8
| #define SIZEOF_UNSIGNED_LONG_LONG 8
| #define SIZEOF_UNSIGNED_CHAR_P 4
| #define SIZEOF_SIZE_T 4
| #define TIFF_INT8_T signed char
| #define TIFF_UINT8_T unsigned char
| #define TIFF_INT16_T signed short
| #define TIFF_UINT16_T unsigned short
| #define TIFF_INT32_T signed int
| #define TIFF_INT32_FORMAT "%d"
| #define TIFF_UINT32_T unsigned int
| #define TIFF_UINT32_FORMAT "%u"
| #define TIFF_INT64_T signed long long
| #define TIFF_INT64_FORMAT "%lld"
| #define TIFF_UINT64_T unsigned long long
| #define TIFF_UINT64_FORMAT "%llu"
| #define TIFF_SIZE_T unsigned int
| #define TIFF_SIZE_FORMAT "%u"
| #define TIFF_SSIZE_T signed int
| #define TIFF_SSIZE_FORMAT "%d"
| #define TIFF_PTRDIFF_T ptrdiff_t
| #define TIFF_PTRDIFF_FORMAT "%ld"
| #define HAVE_FLOOR 1
| #define HAVE_ISASCII 1
| #define HAVE_MEMMOVE 1
| #define HAVE_MEMSET 1
| #define HAVE_MMAP 1
| #define HAVE_POW 1
| #define HAVE_SNPRINTF 1
| #define HAVE_SQRT 1
| #define HAVE_STRCHR 1
| #define HAVE_STRRCHR 1
| #define HAVE_STRSTR 1
| #define HAVE_STRTOL 1
| #define HAVE_STRTOUL 1
| #define HAVE_STRTOULL 1
| #define HAVE_GETOPT 1
| #define HAVE_SNPRINTF 1
| #define HAVE_STRCASECMP 1
| #define HAVE_STRTOUL 1
| #define HAVE_STRTOULL 1
| #define HAVE_LFIND 1
| #define HOST_FILLORDER FILLORDER_MSB2LSB
| #define HOST_BIGENDIAN 0
| #define HAVE_IEEEFP 1
| #define CCITT_SUPPORT 1
| #define PACKBITS_SUPPORT 1
| #define LZW_SUPPORT 1
| #define THUNDER_SUPPORT 1
| #define NEXT_SUPPORT 1
| #define LOGLUV_SUPPORT 1
| #define MDI_SUPPORT 1
| /* end confdefs.h.  */
| #include <stdio.h>
| #ifdef HAVE_SYS_TYPES_H
| # include <sys/types.h>
| #endif
| #ifdef HAVE_SYS_STAT_H
| # include <sys/stat.h>
| #endif
| #ifdef STDC_HEADERS
| # include <stdlib.h>
| # include <stddef.h>
| #else
| # ifdef HAVE_STDLIB_H
| #  include <stdlib.h>
| # endif
| #endif
| #ifdef HAVE_STRING_H
| # if !defined STDC_HEADERS && defined HAVE_MEMORY_H
| #  include <memory.h>
| # endif
| # include <string.h>
| #endif
| #ifdef HAVE_STRINGS_H
| # include <strings.h>
| #endif
| #ifdef HAVE_INTTYPES_H
| # include <inttypes.h>
| #endif
| #ifdef HAVE_STDINT_H
| # include <stdint.h>
| #endif
| #ifdef HAVE_UNISTD_H
| # include <unistd.h>
| #endif
| #include <lzma.h>
configure:19114: result: no
configure:19114: checking lzma.h presence
configure:19114: arm-linux-gnueabihf-gcc -E  conftest.c
conftest.c:91:10: fatal error: lzma.h: No such file or directory
   91 | #include <lzma.h>
      |          ^~~~~~~~
compilation terminated.
configure:19114: $? = 1
configure: failed program was:
| /* confdefs.h */
| #define PACKAGE_NAME "LibTIFF Software"
| #define PACKAGE_TARNAME "tiff"
| #define PACKAGE_VERSION "4.0.6"
| #define PACKAGE_STRING "LibTIFF Software 4.0.6"
| #define PACKAGE_BUGREPORT "tiff@lists.maptools.org"
| #define PACKAGE_URL ""
| #define PACKAGE "tiff"
| #define VERSION "4.0.6"
| #define STDC_HEADERS 1
| #define HAVE_SYS_TYPES_H 1
| #define HAVE_SYS_STAT_H 1
| #define HAVE_STDLIB_H 1
| #define HAVE_STRING_H 1
| #define HAVE_MEMORY_H 1
| #define HAVE_STRINGS_H 1
| #define HAVE_INTTYPES_H 1
| #define HAVE_STDINT_H 1
| #define HAVE_UNISTD_H 1
| #define HAVE_DLFCN_H 1
| #define LT_OBJDIR ".libs/"
| #define HAVE_ASSERT_H 1
| #define HAVE_FCNTL_H 1
| #define HAVE_LIMITS_H 1
| #define HAVE_MALLOC_H 1
| #define HAVE_SEARCH_H 1
| #define HAVE_SYS_TIME_H 1
| #define HAVE_UNISTD_H 1
| #define TIME_WITH_SYS_TIME 1
| #define HAVE_FSEEKO 1
| #define HAVE_DECL_OPTARG 1
| #define SIZEOF_SIGNED_SHORT 2
| #define SIZEOF_UNSIGNED_SHORT 2
| #define SIZEOF_SIGNED_INT 4
| #define SIZEOF_UNSIGNED_INT 4
| #define SIZEOF_SIGNED_LONG 4
| #define SIZEOF_UNSIGNED_LONG 4
| #define SIZEOF_SIGNED_LONG_LONG 8
| #define SIZEOF_UNSIGNED_LONG_LONG 8
| #define SIZEOF_UNSIGNED_CHAR_P 4
| #define SIZEOF_SIZE_T 4
| #define TIFF_INT8_T signed char
| #define TIFF_UINT8_T unsigned char
| #define TIFF_INT16_T signed short
| #define TIFF_UINT16_T unsigned short
| #define TIFF_INT32_T signed int
| #define TIFF_INT32_FORMAT "%d"
| #define TIFF_UINT32_T unsigned int
| #define TIFF_UINT32_FORMAT "%u"
| #define TIFF_INT64_T signed long long
| #define TIFF_INT64_FORMAT "%lld"
| #define TIFF_UINT64_T unsigned long long
| #define TIFF_UINT64_FORMAT "%llu"
| #define TIFF_SIZE_T unsigned int
| #define TIFF_SIZE_FORMAT "%u"
| #define TIFF_SSIZE_T signed int
| #define TIFF_SSIZE_FORMAT "%d"
| #define TIFF_PTRDIFF_T ptrdiff_t
| #define TIFF_PTRDIFF_FORMAT "%ld"
| #define HAVE_FLOOR 1
| #define HAVE_ISASCII 1
| #define HAVE_MEMMOVE 1
| #define HAVE_MEMSET 1
| #define HAVE_MMAP 1
| #define HAVE_POW 1
| #define HAVE_SNPRINTF 1
| #define HAVE_SQRT 1
| #define HAVE_STRCHR 1
| #define HAVE_STRRCHR 1
| #define HAVE_STRSTR 1
| #define HAVE_STRTOL 1
| #define HAVE_STRTOUL 1
| #define HAVE_STRTOULL 1
| #define HAVE_GETOPT 1
| #define HAVE_SNPRINTF 1
| #define HAVE_STRCASECMP 1
| #define HAVE_STRTOUL 1
| #define HAVE_STRTOULL 1
| #define HAVE_LFIND 1
| #define HOST_FILLORDER FILLORDER_MSB2LSB
| #define HOST_BIGENDIAN 0
| #define HAVE_IEEEFP 1
| #define CCITT_SUPPORT 1
| #define PACKBITS_SUPPORT 1
| #define LZW_SUPPORT 1
| #define THUNDER_SUPPORT 1
| #define NEXT_SUPPORT 1
| #define LOGLUV_SUPPORT 1
| #define MDI_SUPPORT 1
| /* end confdefs.h.  */
| #include <lzma.h>
configure:19114: result: no
configure:19114: checking for lzma.h
configure:19114: result: no
configure:19226: checking for X
configure:19334: arm-linux-gnueabihf-gcc -E  conftest.c
configure:19334: $? = 0
configure:19365: arm-linux-gnueabihf-gcc -o conftest  -Wall -W   conftest.c -lX11 -lm  >&5
/usr/lib/gcc-cross/arm-linux-gnueabihf/15/../../../../arm-linux-gnueabihf/bin/ld: cannot find -lX11: No such file or directory
collect2: error: ld returned 1 exit status
configure:19365: $? = 1
configure: failed program was:
| /* confdefs.h */
| #define PACKAGE_NAME "LibTIFF Software"
| #define PACKAGE_TARNAME "tiff"
| #define PACKAGE_VERSION "4.0.6"
| #define PACKAGE_STRING "LibTIFF Software 4.0.6"
| #define PACKAGE_BUGREPORT "tiff@lists.maptools.org"
| #define PACKAGE_URL ""
| #define PACKAGE "tiff"
| #define VERSION "4.0.6"
| #define STDC_HEADERS 1
| #define HAVE_SYS_TYPES_H 1
| #define HAVE_SYS_STAT_H 1
| #define HAVE_STDLIB_H 1
| #define HAVE_STRING_H 1
| #define HAVE_MEMORY_H 1
| #define HAVE_STRINGS_H 1
| #define HAVE_INTTYPES_H 1
| #define HAVE_STDINT_H 1
| #define HAVE_UNISTD_H 1
| #define HAVE_DLFCN_H 1
| #define LT_OBJDIR ".libs/"
| #define HAVE_ASSERT_H 1
| #define HAVE_FCNTL_H 1
| #define HAVE_LIMITS_H 1
| #define HAVE_MALLOC_H 1
| #define HAVE_SEARCH_H 1
| #define HAVE_SYS_TIME_H 1
| #define HAVE_UNISTD_H 1
| #define TIME_WITH_SYS_TIME 1
| #define HAVE_FSEEKO 1
| #define HAVE_DECL_OPTARG 1
| #define SIZEOF_SIGNED_SHORT 2
| #define SIZEOF_UNSIGNED_SHORT 2
| #define SIZEOF_SIGNED_INT 4
| #define SIZEOF_UNSIGNED_INT 4
| #define SIZEOF_SIGNED_LONG 4
| #define SIZEOF_UNSIGNED_LONG 4
| #define SIZEOF_SIGNED_LONG_LONG 8
| #define SIZEOF_UNSIGNED_LONG_LONG 8
| #define SIZEOF_UNSIGNED_CHAR_P 4
| #define SIZEOF_SIZE_T 4
| #define TIFF_INT8_T signed char
| #define TIFF_UINT8_T unsigned char
| #define TIFF_INT16_T signed short
| #define TIFF_UINT16_T unsigned short
| #define TIFF_INT32_T signed int
| #define TIFF_INT32_FORMAT "%d"
| #define TIFF_UINT32_T unsigned int
| #define TIFF_UINT32_FORMAT "%u"
| #define TIFF_INT64_T signed long long
| #define TIFF_INT64_FORMAT "%lld"
| #define TIFF_UINT64_T unsigned long long
| #define TIFF_UINT64_FORMAT "%llu"
| #define TIFF_SIZE_T unsigned int
| #define TIFF_SIZE_FORMAT "%u"
| #define TIFF_SSIZE_T signed int
| #define TIFF_SSIZE_FORMAT "%d"
| #define TIFF_PTRDIFF_T ptrdiff_t
| #define TIFF_PTRDIFF_FORMAT "%ld"
| #define HAVE_FLOOR 1
| #define HAVE_ISASCII 1
| #define HAVE_MEMMOVE 1
| #define HAVE_MEMSET 1
| #define HAVE_MMAP 1
| #define HAVE_POW 1
| #define HAVE_SNPRINTF 1
| #define HAVE_SQRT 1
| #define HAVE_STRCHR 1
| #define HAVE_STRRCHR 1
| #define HAVE_STRSTR 1
| #define HAVE_STRTOL 1
| #define HAVE_STRTOUL 1
| #define HAVE_STRTOULL 1
| #define HAVE_GETOPT 1
| #define HAVE_SNPRINTF 1
| #define HAVE_STRCASECMP 1
| #define HAVE_STRTOUL 1
| #define HAVE_STRTOULL 1
| #define HAVE_LFIND 1
| #define HOST_FILLORDER FILLORDER_MSB2LSB
| #define HOST_BIGENDIAN 0
| #define HAVE_IEEEFP 1
| #define CCITT_SUPPORT 1
| #define PACKBITS_SUPPORT 1
| #define LZW_SUPPORT 1
| #define THUNDER_SUPPORT 1
| #define NEXT_SUPPORT 1
| #define LOGLUV_SUPPORT 1
| #define MDI_SUPPORT 1
| #define CXX_SUPPORT 1
| /* end confdefs.h.  */
| #include <X11/Xlib.h>
| int
| main ()
| {
| XrmInitialize ()
|   ;
|   return 0;
| }
configure:19404: result: no
configure:20040: checking for the pthreads library -lpthreads
configure:20069: arm-linux-gnueabihf-gcc -o conftest  -Wall -W    conftest.c -lpthreads -lm  >&5
conftest.c: In function 'routine':
conftest.c:94:48: warning: parameter 'a' set but not used [-Wunused-but-set-parameter]
   94 |                      static void routine(void* a) {a=0;}
      |                                          ~~~~~~^
/usr/lib/gcc-cross/arm-linux-gnueabihf/15/../../../../arm-linux-gnueabihf/bin/ld: cannot find -lpthreads: No such file or directory
collect2: error: ld returned 1 exit status
configure:20069: $? = 1
configure: failed program was:
| /* confdefs.h */
| #define PACKAGE_NAME "LibTIFF Software"
| #define PACKAGE_TARNAME "tiff"
| #define PACKAGE_VERSION "4.0.6"
| #define PACKAGE_STRING "LibTIFF Software 4.0.6"
| #define PACKAGE_BUGREPORT "tiff@lists.maptools.org"
| #define PACKAGE_URL ""
| #define PACKAGE "tiff"
| #define VERSION "4.0.6"
| #define STDC_HEADERS 1
| #define HAVE_SYS_TYPES_H 1
| #define HAVE_SYS_STAT_H 1
| #define HAVE_STDLIB_H 1
| #define HAVE_STRING_H 1
| #define HAVE_MEMORY_H 1
| #define HAVE_STRINGS_H 1
| #define HAVE_INTTYPES_H 1
| #define HAVE_STDINT_H 1
| #define HAVE_UNISTD_H 1
| #define HAVE_DLFCN_H 1
| #define LT_OBJDIR ".libs/"
| #define HAVE_ASSERT_H 1
| #define HAVE_FCNTL_H 1
| #define HAVE_LIMITS_H 1
| #define HAVE_MALLOC_H 1
| #define HAVE_SEARCH_H 1
| #define HAVE_SYS_TIME_H 1
| #define HAVE_UNISTD_H 1
| #define TIME_WITH_SYS_TIME 1
| #define HAVE_FSEEKO 1
| #define HAVE_DECL_OPTARG 1
| #define SIZEOF_SIGNED_SHORT 2
| #define SIZEOF_UNSIGNED_SHORT 2
| #define SIZEOF_SIGNED_INT 4
| #define SIZEOF_UNSIGNED_INT 4
| #define SIZEOF_SIGNED_LONG 4
| #define SIZEOF_UNSIGNED_LONG 4
| #define SIZEOF_SIGNED_LONG_LONG 8
| #define SIZEOF_UNSIGNED_LONG_LONG 8
| #define SIZEOF_UNSIGNED_CHAR_P 4
| #define SIZEOF_SIZE_T 4
| #define TIFF_INT8_T signed char
| #define TIFF_UINT8_T unsigned char
| #define TIFF_INT16_T signed short
| #define TIFF_UINT16_T unsigned short
| #define TIFF_INT32_T signed int
| #define TIFF_INT32_FORMAT "%d"
| #define TIFF_UINT32_T unsigned int
| #define TIFF_UINT32_FORMAT "%u"
| #define TIFF_INT64_T signed long long
| #define TIFF_INT64_FORMAT "%lld"
| #define TIFF_UINT64_T unsigned long long
| #define TIFF_UINT64_FORMAT "%llu"
| #define TIFF_SIZE_T unsigned int
| #define TIFF_SIZE_FORMAT "%u"
| #define TIFF_SSIZE_T signed int
| #define TIFF_SSIZE_FORMAT "%d"
| #define TIFF_PTRDIFF_T ptrdiff_t
| #define TIFF_PTRDIFF_FORMAT "%ld"
| #define HAVE_FLOOR 1
| #define HAVE_ISASCII 1
| #define HAVE_MEMMOVE 1
| #define HAVE_MEMSET 1
| #define HAVE_MMAP 1
| #define HAVE_POW 1
| #define HAVE_SNPRINTF 1
| #define HAVE_SQRT 1
| #define HAVE_STRCHR 1
| #define HAVE_STRRCHR 1
| #define HAVE_STRSTR 1
| #define HAVE_STRTOL 1
| #define HAVE_STRTOUL 1
| #define HAVE_STRTOULL 1
| #define HAVE_GETOPT 1
| #define HAVE_SNPRINTF 1
| #define HAVE_STRCASECMP 1
| #define HAVE_STRTOUL 1
| #define HAVE_STRTOULL 1
| #define HAVE_LFIND 1
| #define HOST_FILLORDER FILLORDER_MSB2LSB
| #define HOST_BIGENDIAN 0
| #define HAVE_IEEEFP 1
| #define CCITT_SUPPORT 1
| #define PACKBITS_SUPPORT 1
| #define LZW_SUPPORT 1
| #define THUNDER_SUPPORT 1
| #define NEXT_SUPPORT 1
| #define LOGLUV_SUPPORT 1
| #define MDI_SUPPORT 1
| #define CXX_SUPPORT 1
| #define X_DISPLAY_MISSING 1
| /* end confdefs.h.  */
| #include <pthread.h>
| 	             static void routine(void* a) {a=0;}
| 	             static void* start_routine(void* a) {return a;}
| int
| main ()
| {
| pthread_t th; pthread_attr_t attr;
|                      pthread_create(&th,0,start_routine,0);
|                      pthread_join(th, 0);
|                      pthread_attr_init(&attr);
|                      pthread_cleanup_push(routine, 0);
|                      pthread_cleanup_pop(0);
|   ;
|   return 0;
| }
configure:20078: result: no
configure:19985: checking whether pthreads work without any flags
configure:20069: arm-linux-gnueabihf-gcc -o conftest  -Wall -W    conftest.c  -lm  >&5
conftest.c: In function 'routine':
conftest.c:94:48: warning: parameter 'a' set but not used [-Wunused-but-set-parameter]
   94 |                      static void routine(void* a) {a=0;}
      |                                          ~~~~~~^
configure:20069: $? = 0
configure:20078: result: yes
configure:20095: checking for joinable pthread attribute
configure:20110: arm-linux-gnueabihf-gcc -o conftest  -Wall -W    conftest.c  -lm  >&5
configure:20110: $? = 0
configure:20116: result: PTHREAD_CREATE_JOINABLE
configure:20126: checking if more special flags are required for pthreads
configure:20133: result: no
configure:20221: checking whether we are using the Microsoft C compiler
configure:20240: arm-linux-gnueabihf-gcc -c  -Wall -W  conftest.c >&5
conftest.c: In function 'main':
conftest.c:99:8: error: unknown type name 'choke'
   99 |        choke me
      |        ^~~~~
conftest.c:99:14: warning: unused variable 'me' [-Wunused-variable]
   99 |        choke me
      |              ^~
configure:20240: $? = 1
configure: failed program was:
| /* confdefs.h */
| #define PACKAGE_NAME "LibTIFF Software"
| #define PACKAGE_TARNAME "tiff"
| #define PACKAGE_VERSION "4.0.6"
| #define PACKAGE_STRING "LibTIFF Software 4.0.6"
| #define PACKAGE_BUGREPORT "tiff@lists.maptools.org"
| #define PACKAGE_URL ""
| #define PACKAGE "tiff"
| #define VERSION "4.0.6"
| #define STDC_HEADERS 1
| #define HAVE_SYS_TYPES_H 1
| #define HAVE_SYS_STAT_H 1
| #define HAVE_STDLIB_H 1
| #define HAVE_STRING_H 1
| #define HAVE_MEMORY_H 1
| #define HAVE_STRINGS_H 1
| #define HAVE_INTTYPES_H 1
| #define HAVE_STDINT_H 1
| #define HAVE_UNISTD_H 1
| #define HAVE_DLFCN_H 1
| #define LT_OBJDIR ".libs/"
| #define HAVE_ASSERT_H 1
| #define HAVE_FCNTL_H 1
| #define HAVE_LIMITS_H 1
| #define HAVE_MALLOC_H 1
| #define HAVE_SEARCH_H 1
| #define HAVE_SYS_TIME_H 1
| #define HAVE_UNISTD_H 1
| #define TIME_WITH_SYS_TIME 1
| #define HAVE_FSEEKO 1
| #define HAVE_DECL_OPTARG 1
| #define SIZEOF_SIGNED_SHORT 2
| #define SIZEOF_UNSIGNED_SHORT 2
| #define SIZEOF_SIGNED_INT 4
| #define SIZEOF_UNSIGNED_INT 4
| #define SIZEOF_SIGNED_LONG 4
| #define SIZEOF_UNSIGNED_LONG 4
| #define SIZEOF_SIGNED_LONG_LONG 8
| #define SIZEOF_UNSIGNED_LONG_LONG 8
| #define SIZEOF_UNSIGNED_CHAR_P 4
| #define SIZEOF_SIZE_T 4
| #define TIFF_INT8_T signed char
| #define TIFF_UINT8_T unsigned char
| #define TIFF_INT16_T signed short
| #define TIFF_UINT16_T unsigned short
| #define TIFF_INT32_T signed int
| #define TIFF_INT32_FORMAT "%d"
| #define TIFF_UINT32_T unsigned int
| #define TIFF_UINT32_FORMAT "%u"
| #define TIFF_INT64_T signed long long
| #define TIFF_INT64_FORMAT "%lld"
| #define TIFF_UINT64_T unsigned long long
| #define TIFF_UINT64_FORMAT "%llu"
| #define TIFF_SIZE_T unsigned int
| #define TIFF_SIZE_FORMAT "%u"
| #define TIFF_SSIZE_T signed int
| #define TIFF_SSIZE_FORMAT "%d"
| #define TIFF_PTRDIFF_T ptrdiff_t
| #define TIFF_PTRDIFF_FORMAT "%ld"
| #define HAVE_FLOOR 1
| #define HAVE_ISASCII 1
| #define HAVE_MEMMOVE 1
| #define HAVE_MEMSET 1
| #define HAVE_MMAP 1
| #define HAVE_POW 1
| #define HAVE_SNPRINTF 1
| #define HAVE_SQRT 1
| #define HAVE_STRCHR 1
| #define HAVE_STRRCHR 1
| #define HAVE_STRSTR 1
| #define HAVE_STRTOL 1
| #define HAVE_STRTOUL 1
| #define HAVE_STRTOULL 1
| #define HAVE_GETOPT 1
| #define HAVE_SNPRINTF 1
| #define HAVE_STRCASECMP 1
| #define HAVE_STRTOUL 1
| #define HAVE_STRTOULL 1
| #define HAVE_LFIND 1
| #define HOST_FILLORDER FILLORDER_MSB2LSB
| #define HOST_BIGENDIAN 0
| #define HAVE_IEEEFP 1
| #define CCITT_SUPPORT 1
| #define PACKBITS_SUPPORT 1
| #define LZW_SUPPORT 1
| #define THUNDER_SUPPORT 1
| #define NEXT_SUPPORT 1
| #define LOGLUV_SUPPORT 1
| #define MDI_SUPPORT 1
| #define CXX_SUPPORT 1
| #define X_DISPLAY_MISSING 1
| #define HAVE_PTHREAD 1
| /* end confdefs.h.  */
| 
| int
| main ()
| {
| #ifndef _MSC_VER
|        choke me
| #endif
| 
|   ;
|   return 0;
| }
configure:20249: result: no
configure:20269: checking GL/gl.h usability
configure:20269: arm-linux-gnueabihf-gcc -c  -Wall -W   conftest.c >&5
configure:20269: $? = 0
configure:20269: result: yes
configure:20269: checking GL/gl.h presence
configure:20269: arm-linux-gnueabihf-gcc -E   conftest.c
configure:20269: $? = 0
configure:20269: result: yes
configure:20269: checking for GL/gl.h
configure:20269: result: yes
configure:20269: checking OpenGL/gl.h usability
configure:20269: arm-linux-gnueabihf-gcc -c  -Wall -W   conftest.c >&5
conftest.c:128:10: fatal error: OpenGL/gl.h: No such file or directory
  128 | #include <OpenGL/gl.h>
      |          ^~~~~~~~~~~~~
compilation terminated.
configure:20269: $? = 1
configure: failed program was:
| /* confdefs.h */
| #define PACKAGE_NAME "LibTIFF Software"
| #define PACKAGE_TARNAME "tiff"
| #define PACKAGE_VERSION "4.0.6"
| #define PACKAGE_STRING "LibTIFF Software 4.0.6"
| #define PACKAGE_BUGREPORT "tiff@lists.maptools.org"
| #define PACKAGE_URL ""
| #define PACKAGE "tiff"
| #define VERSION "4.0.6"
| #define STDC_HEADERS 1
| #define HAVE_SYS_TYPES_H 1
| #define HAVE_SYS_STAT_H 1
| #define HAVE_STDLIB_H 1
| #define HAVE_STRING_H 1
| #define HAVE_MEMORY_H 1
| #define HAVE_STRINGS_H 1
| #define HAVE_INTTYPES_H 1
| #define HAVE_STDINT_H 1
| #define HAVE_UNISTD_H 1
| #define HAVE_DLFCN_H 1
| #define LT_OBJDIR ".libs/"
| #define HAVE_ASSERT_H 1
| #define HAVE_FCNTL_H 1
| #define HAVE_LIMITS_H 1
| #define HAVE_MALLOC_H 1
| #define HAVE_SEARCH_H 1
| #define HAVE_SYS_TIME_H 1
| #define HAVE_UNISTD_H 1
| #define TIME_WITH_SYS_TIME 1
| #define HAVE_FSEEKO 1
| #define HAVE_DECL_OPTARG 1
| #define SIZEOF_SIGNED_SHORT 2
| #define SIZEOF_UNSIGNED_SHORT 2
| #define SIZEOF_SIGNED_INT 4
| #define SIZEOF_UNSIGNED_INT 4
| #define SIZEOF_SIGNED_LONG 4
| #define SIZEOF_UNSIGNED_LONG 4
| #define SIZEOF_SIGNED_LONG_LONG 8
| #define SIZEOF_UNSIGNED_LONG_LONG 8
| #define SIZEOF_UNSIGNED_CHAR_P 4
| #define SIZEOF_SIZE_T 4
| #define TIFF_INT8_T signed char
| #define TIFF_UINT8_T unsigned char
| #define TIFF_INT16_T signed short
| #define TIFF_UINT16_T unsigned short
| #define TIFF_INT32_T signed int
| #define TIFF_INT32_FORMAT "%d"
| #define TIFF_UINT32_T unsigned int
| #define TIFF_UINT32_FORMAT "%u"
| #define TIFF_INT64_T signed long long
| #define TIFF_INT64_FORMAT "%lld"
| #define TIFF_UINT64_T unsigned long long
| #define TIFF_UINT64_FORMAT "%llu"
| #define TIFF_SIZE_T unsigned int
| #define TIFF_SIZE_FORMAT "%u"
| #define TIFF_SSIZE_T signed int
| #define TIFF_SSIZE_FORMAT "%d"
| #define TIFF_PTRDIFF_T ptrdiff_t
| #define TIFF_PTRDIFF_FORMAT "%ld"
| #define HAVE_FLOOR 1
| #define HAVE_ISASCII 1
| #define HAVE_MEMMOVE 1
| #define HAVE_MEMSET 1
| #define HAVE_MMAP 1
| #define HAVE_POW 1
| #define HAVE_SNPRINTF 1
| #define HAVE_SQRT 1
| #define HAVE_STRCHR 1
| #define HAVE_STRRCHR 1
| #define HAVE_STRSTR 1
| #define HAVE_STRTOL 1
| #define HAVE_STRTOUL 1
| #define HAVE_STRTOULL 1
| #define HAVE_GETOPT 1
| #define HAVE_SNPRINTF 1
| #define HAVE_STRCASECMP 1
| #define HAVE_STRTOUL 1
| #define HAVE_STRTOULL 1
| #define HAVE_LFIND 1
| #define HOST_FILLORDER FILLORDER_MSB2LSB
| #define HOST_BIGENDIAN 0
| #define HAVE_IEEEFP 1
| #define CCITT_SUPPORT 1
| #define PACKBITS_SUPPORT 1
| #define LZW_SUPPORT 1
| #define THUNDER_SUPPORT 1
| #define NEXT_SUPPORT 1
| #define LOGLUV_SUPPORT 1
| #define MDI_SUPPORT 1
| #define CXX_SUPPORT 1
| #define X_DISPLAY_MISSING 1
| #define HAVE_PTHREAD 1
| #define HAVE_GL_GL_H 1
| /* end confdefs.h.  */
| #include <stdio.h>
| #ifdef HAVE_SYS_TYPES_H
| # include <sys/types.h>
| #endif
| #ifdef HAVE_SYS_STAT_H
| # include <sys/stat.h>
| #endif
| #ifdef STDC_HEADERS
| # include <stdlib.h>
| # include <stddef.h>
| #else
| # ifdef HAVE_STDLIB_H
| #  include <stdlib.h>
| # endif
| #endif
| #ifdef HAVE_STRING_H
| # if !defined STDC_HEADERS && defined HAVE_MEMORY_H
| #  include <memory.h>
| # endif
| # include <string.h>
| #endif
| #ifdef HAVE_STRINGS_H
| # include <strings.h>
| #endif
| #ifdef HAVE_INTTYPES_H
| # include <inttypes.h>
| #endif
| #ifdef HAVE_STDINT_H
| # include <stdint.h>
| #endif
| #ifdef HAVE_UNISTD_H
| # include <unistd.h>
| #endif
| #include <OpenGL/gl.h>
configure:20269: result: no
configure:20269: checking OpenGL/gl.h presence
configure:20269: arm-linux-gnueabihf-gcc -E   conftest.c
conftest.c:95:10: fatal error: OpenGL/gl.h: No such file or directory
   95 | #include <OpenGL/gl.h>
      |          ^~~~~~~~~~~~~
compilation terminated.
configure:20269: $? = 1
configure: failed program was:
| /* confdefs.h */
| #define PACKAGE_NAME "LibTIFF Software"
| #define PACKAGE_TARNAME "tiff"
| #define PACKAGE_VERSION "4.0.6"
| #define PACKAGE_STRING "LibTIFF Software 4.0.6"
| #define PACKAGE_BUGREPORT "tiff@lists.maptools.org"
| #define PACKAGE_URL ""
| #define PACKAGE "tiff"
| #define VERSION "4.0.6"
| #define STDC_HEADERS 1
| #define HAVE_SYS_TYPES_H 1
| #define HAVE_SYS_STAT_H 1
| #define HAVE_STDLIB_H 1
| #define HAVE_STRING_H 1
| #define HAVE_MEMORY_H 1
| #define HAVE_STRINGS_H 1
| #define HAVE_INTTYPES_H 1
| #define HAVE_STDINT_H 1
| #define HAVE_UNISTD_H 1
| #define HAVE_DLFCN_H 1
| #define LT_OBJDIR ".libs/"
| #define HAVE_ASSERT_H 1
| #define HAVE_FCNTL_H 1
| #define HAVE_LIMITS_H 1
| #define HAVE_MALLOC_H 1
| #define HAVE_SEARCH_H 1
| #define HAVE_SYS_TIME_H 1
| #define HAVE_UNISTD_H 1
| #define TIME_WITH_SYS_TIME 1
| #define HAVE_FSEEKO 1
| #define HAVE_DECL_OPTARG 1
| #define SIZEOF_SIGNED_SHORT 2
| #define SIZEOF_UNSIGNED_SHORT 2
| #define SIZEOF_SIGNED_INT 4
| #define SIZEOF_UNSIGNED_INT 4
| #define SIZEOF_SIGNED_LONG 4
| #define SIZEOF_UNSIGNED_LONG 4
| #define SIZEOF_SIGNED_LONG_LONG 8
| #define SIZEOF_UNSIGNED_LONG_LONG 8
| #define SIZEOF_UNSIGNED_CHAR_P 4
| #define SIZEOF_SIZE_T 4
| #define TIFF_INT8_T signed char
| #define TIFF_UINT8_T unsigned char
| #define TIFF_INT16_T signed short
| #define TIFF_UINT16_T unsigned short
| #define TIFF_INT32_T signed int
| #define TIFF_INT32_FORMAT "%d"
| #define TIFF_UINT32_T unsigned int
| #define TIFF_UINT32_FORMAT "%u"
| #define TIFF_INT64_T signed long long
| #define TIFF_INT64_FORMAT "%lld"
| #define TIFF_UINT64_T unsigned long long
| #define TIFF_UINT64_FORMAT "%llu"
| #define TIFF_SIZE_T unsigned int
| #define TIFF_SIZE_FORMAT "%u"
| #define TIFF_SSIZE_T signed int
| #define TIFF_SSIZE_FORMAT "%d"
| #define TIFF_PTRDIFF_T ptrdiff_t
| #define TIFF_PTRDIFF_FORMAT "%ld"
| #define HAVE_FLOOR 1
| #define HAVE_ISASCII 1
| #define HAVE_MEMMOVE 1
| #define HAVE_MEMSET 1
| #define HAVE_MMAP 1
| #define HAVE_POW 1
| #define HAVE_SNPRINTF 1
| #define HAVE_SQRT 1
| #define HAVE_STRCHR 1
| #define HAVE_STRRCHR 1
| #define HAVE_STRSTR 1
| #define HAVE_STRTOL 1
| #define HAVE_STRTOUL 1
| #define HAVE_STRTOULL 1
| #define HAVE_GETOPT 1
| #define HAVE_SNPRINTF 1
| #define HAVE_STRCASECMP 1
| #define HAVE_STRTOUL 1
| #define HAVE_STRTOULL 1
| #define HAVE_LFIND 1
| #define HOST_FILLORDER FILLORDER_MSB2LSB
| #define HOST_BIGENDIAN 0
| #define HAVE_IEEEFP 1
| #define CCITT_SUPPORT 1
| #define PACKBITS_SUPPORT 1
| #define LZW_SUPPORT 1
| #define THUNDER_SUPPORT 1
| #define NEXT_SUPPORT 1
| #define LOGLUV_SUPPORT 1
| #define MDI_SUPPORT 1
| #define CXX_SUPPORT 1
| #define X_DISPLAY_MISSING 1
| #define HAVE_PTHREAD 1
| #define HAVE_GL_GL_H 1
| /* end confdefs.h.  */
| #include <OpenGL/gl.h>
configure:20269: result: no
configure:20269: checking for OpenGL/gl.h
configure:20269: result: no
configure:20283: checking windows.h usability
configure:20283: arm-linux-gnueabihf-gcc -c  -Wall -W  conftest.c >&5
conftest.c:128:10: fatal error: windows.h: No such file or directory
  128 | #include <windows.h>
      |          ^~~~~~~~~~~
compilation terminated.
configure:20283: $? = 1
configure: failed program was:
| /* confdefs.h */
| #define PACKAGE_NAME "LibTIFF Software"
| #define PACKAGE_TARNAME "tiff"
| #define PACKAGE_VERSION "4.0.6"
| #define PACKAGE_STRING "LibTIFF Software 4.0.6"
| #define PACKAGE_BUGREPORT "tiff@lists.maptools.org"
| #define PACKAGE_URL ""
| #define PACKAGE "tiff"
| #define VERSION "4.0.6"
| #define STDC_HEADERS 1
| #define HAVE_SYS_TYPES_H 1
| #define HAVE_SYS_STAT_H 1
| #define HAVE_STDLIB_H 1
| #define HAVE_STRING_H 1
| #define HAVE_MEMORY_H 1
| #define HAVE_STRINGS_H 1
| #define HAVE_INTTYPES_H 1
| #define HAVE_STDINT_H 1
| #define HAVE_UNISTD_H 1
| #define HAVE_DLFCN_H 1
| #define LT_OBJDIR ".libs/"
| #define HAVE_ASSERT_H 1
| #define HAVE_FCNTL_H 1
| #define HAVE_LIMITS_H 1
| #define HAVE_MALLOC_H 1
| #define HAVE_SEARCH_H 1
| #define HAVE_SYS_TIME_H 1
| #define HAVE_UNISTD_H 1
| #define TIME_WITH_SYS_TIME 1
| #define HAVE_FSEEKO 1
| #define HAVE_DECL_OPTARG 1
| #define SIZEOF_SIGNED_SHORT 2
| #define SIZEOF_UNSIGNED_SHORT 2
| #define SIZEOF_SIGNED_INT 4
| #define SIZEOF_UNSIGNED_INT 4
| #define SIZEOF_SIGNED_LONG 4
| #define SIZEOF_UNSIGNED_LONG 4
| #define SIZEOF_SIGNED_LONG_LONG 8
| #define SIZEOF_UNSIGNED_LONG_LONG 8
| #define SIZEOF_UNSIGNED_CHAR_P 4
| #define SIZEOF_SIZE_T 4
| #define TIFF_INT8_T signed char
| #define TIFF_UINT8_T unsigned char
| #define TIFF_INT16_T signed short
| #define TIFF_UINT16_T unsigned short
| #define TIFF_INT32_T signed int
| #define TIFF_INT32_FORMAT "%d"
| #define TIFF_UINT32_T unsigned int
| #define TIFF_UINT32_FORMAT "%u"
| #define TIFF_INT64_T signed long long
| #define TIFF_INT64_FORMAT "%lld"
| #define TIFF_UINT64_T unsigned long long
| #define TIFF_UINT64_FORMAT "%llu"
| #define TIFF_SIZE_T unsigned int
| #define TIFF_SIZE_FORMAT "%u"
| #define TIFF_SSIZE_T signed int
| #define TIFF_SSIZE_FORMAT "%d"
| #define TIFF_PTRDIFF_T ptrdiff_t
| #define TIFF_PTRDIFF_FORMAT "%ld"
| #define HAVE_FLOOR 1
| #define HAVE_ISASCII 1
| #define HAVE_MEMMOVE 1
| #define HAVE_MEMSET 1
| #define HAVE_MMAP 1
| #define HAVE_POW 1
| #define HAVE_SNPRINTF 1
| #define HAVE_SQRT 1
| #define HAVE_STRCHR 1
| #define HAVE_STRRCHR 1
| #define HAVE_STRSTR 1
| #define HAVE_STRTOL 1
| #define HAVE_STRTOUL 1
| #define HAVE_STRTOULL 1
| #define HAVE_GETOPT 1
| #define HAVE_SNPRINTF 1
| #define HAVE_STRCASECMP 1
| #define HAVE_STRTOUL 1
| #define HAVE_STRTOULL 1
| #define HAVE_LFIND 1
| #define HOST_FILLORDER FILLORDER_MSB2LSB
| #define HOST_BIGENDIAN 0
| #define HAVE_IEEEFP 1
| #define CCITT_SUPPORT 1
| #define PACKBITS_SUPPORT 1
| #define LZW_SUPPORT 1
| #define THUNDER_SUPPORT 1
| #define NEXT_SUPPORT 1
| #define LOGLUV_SUPPORT 1
| #define MDI_SUPPORT 1
| #define CXX_SUPPORT 1
| #define X_DISPLAY_MISSING 1
| #define HAVE_PTHREAD 1
| #define HAVE_GL_GL_H 1
| /* end confdefs.h.  */
| #include <stdio.h>
| #ifdef HAVE_SYS_TYPES_H
| # include <sys/types.h>
| #endif
| #ifdef HAVE_SYS_STAT_H
| # include <sys/stat.h>
| #endif
| #ifdef STDC_HEADERS
| # include <stdlib.h>
| # include <stddef.h>
| #else
| # ifdef HAVE_STDLIB_H
| #  include <stdlib.h>
| # endif
| #endif
| #ifdef HAVE_STRING_H
| # if !defined STDC_HEADERS && defined HAVE_MEMORY_H
| #  include <memory.h>
| # endif
| # include <string.h>
| #endif
| #ifdef HAVE_STRINGS_H
| # include <strings.h>
| #endif
| #ifdef HAVE_INTTYPES_H
| # include <inttypes.h>
| #endif
| #ifdef HAVE_STDINT_H
| # include <stdint.h>
| #endif
| #ifdef HAVE_UNISTD_H
| # include <unistd.h>
| #endif
| #include <windows.h>
configure:20283: result: no
configure:20283: checking windows.h presence
configure:20283: arm-linux-gnueabihf-gcc -E  conftest.c
conftest.c:95:10: fatal error: windows.h: No such file or directory
   95 | #include <windows.h>
      |          ^~~~~~~~~~~
compilation terminated.
configure:20283: $? = 1
configure: failed program was:
| /* confdefs.h */
| #define PACKAGE_NAME "LibTIFF Software"
| #define PACKAGE_TARNAME "tiff"
| #define PACKAGE_VERSION "4.0.6"
| #define PACKAGE_STRING "LibTIFF Software 4.0.6"
| #define PACKAGE_BUGREPORT "tiff@lists.maptools.org"
| #define PACKAGE_URL ""
| #define PACKAGE "tiff"
| #define VERSION "4.0.6"
| #define STDC_HEADERS 1
| #define HAVE_SYS_TYPES_H 1
| #define HAVE_SYS_STAT_H 1
| #define HAVE_STDLIB_H 1
| #define HAVE_STRING_H 1
| #define HAVE_MEMORY_H 1
| #define HAVE_STRINGS_H 1
| #define HAVE_INTTYPES_H 1
| #define HAVE_STDINT_H 1
| #define HAVE_UNISTD_H 1
| #define HAVE_DLFCN_H 1
| #define LT_OBJDIR ".libs/"
| #define HAVE_ASSERT_H 1
| #define HAVE_FCNTL_H 1
| #define HAVE_LIMITS_H 1
| #define HAVE_MALLOC_H 1
| #define HAVE_SEARCH_H 1
| #define HAVE_SYS_TIME_H 1
| #define HAVE_UNISTD_H 1
| #define TIME_WITH_SYS_TIME 1
| #define HAVE_FSEEKO 1
| #define HAVE_DECL_OPTARG 1
| #define SIZEOF_SIGNED_SHORT 2
| #define SIZEOF_UNSIGNED_SHORT 2
| #define SIZEOF_SIGNED_INT 4
| #define SIZEOF_UNSIGNED_INT 4
| #define SIZEOF_SIGNED_LONG 4
| #define SIZEOF_UNSIGNED_LONG 4
| #define SIZEOF_SIGNED_LONG_LONG 8
| #define SIZEOF_UNSIGNED_LONG_LONG 8
| #define SIZEOF_UNSIGNED_CHAR_P 4
| #define SIZEOF_SIZE_T 4
| #define TIFF_INT8_T signed char
| #define TIFF_UINT8_T unsigned char
| #define TIFF_INT16_T signed short
| #define TIFF_UINT16_T unsigned short
| #define TIFF_INT32_T signed int
| #define TIFF_INT32_FORMAT "%d"
| #define TIFF_UINT32_T unsigned int
| #define TIFF_UINT32_FORMAT "%u"
| #define TIFF_INT64_T signed long long
| #define TIFF_INT64_FORMAT "%lld"
| #define TIFF_UINT64_T unsigned long long
| #define TIFF_UINT64_FORMAT "%llu"
| #define TIFF_SIZE_T unsigned int
| #define TIFF_SIZE_FORMAT "%u"
| #define TIFF_SSIZE_T signed int
| #define TIFF_SSIZE_FORMAT "%d"
| #define TIFF_PTRDIFF_T ptrdiff_t
| #define TIFF_PTRDIFF_FORMAT "%ld"
| #define HAVE_FLOOR 1
| #define HAVE_ISASCII 1
| #define HAVE_MEMMOVE 1
| #define HAVE_MEMSET 1
| #define HAVE_MMAP 1
| #define HAVE_POW 1
| #define HAVE_SNPRINTF 1
| #define HAVE_SQRT 1
| #define HAVE_STRCHR 1
| #define HAVE_STRRCHR 1
| #define HAVE_STRSTR 1
| #define HAVE_STRTOL 1
| #define HAVE_STRTOUL 1
| #define HAVE_STRTOULL 1
| #define HAVE_GETOPT 1
| #define HAVE_SNPRINTF 1
| #define HAVE_STRCASECMP 1
| #define HAVE_STRTOUL 1
| #define HAVE_STRTOULL 1
| #define HAVE_LFIND 1
| #define HOST_FILLORDER FILLORDER_MSB2LSB
| #define HOST_BIGENDIAN 0
| #define HAVE_IEEEFP 1
| #define CCITT_SUPPORT 1
| #define PACKBITS_SUPPORT 1
| #define LZW_SUPPORT 1
| #define THUNDER_SUPPORT 1
| #define NEXT_SUPPORT 1
| #define LOGLUV_SUPPORT 1
| #define MDI_SUPPORT 1
| #define CXX_SUPPORT 1
| #define X_DISPLAY_MISSING 1
| #define HAVE_PTHREAD 1
| #define HAVE_GL_GL_H 1
| /* end confdefs.h.  */
| #include <windows.h>
configure:20283: result: no
configure:20283: checking for windows.h
configure:20283: result: no
configure:20296: checking for OpenGL library
configure:20339: arm-linux-gnueabihf-gcc -o conftest  -Wall -W    conftest.c -lopengl32  -lm -lm  >&5
/usr/lib/gcc-cross/arm-linux-gnueabihf/15/../../../../arm-linux-gnueabihf/bin/ld: cannot find -lopengl32: No such file or directory
collect2: error: ld returned 1 exit status
configure:20339: $? = 1
configure: failed program was:
| /* confdefs.h */
| #define PACKAGE_NAME "LibTIFF Software"
| #define PACKAGE_TARNAME "tiff"
| #define PACKAGE_VERSION "4.0.6"
| #define PACKAGE_STRING "LibTIFF Software 4.0.6"
| #define PACKAGE_BUGREPORT "tiff@lists.maptools.org"
| #define PACKAGE_URL ""
| #define PACKAGE "tiff"
| #define VERSION "4.0.6"
| #define STDC_HEADERS 1
| #define HAVE_SYS_TYPES_H 1
| #define HAVE_SYS_STAT_H 1
| #define HAVE_STDLIB_H 1
| #define HAVE_STRING_H 1
| #define HAVE_MEMORY_H 1
| #define HAVE_STRINGS_H 1
| #define HAVE_INTTYPES_H 1
| #define HAVE_STDINT_H 1
| #define HAVE_UNISTD_H 1
| #define HAVE_DLFCN_H 1
| #define LT_OBJDIR ".libs/"
| #define HAVE_ASSERT_H 1
| #define HAVE_FCNTL_H 1
| #define HAVE_LIMITS_H 1
| #define HAVE_MALLOC_H 1
| #define HAVE_SEARCH_H 1
| #define HAVE_SYS_TIME_H 1
| #define HAVE_UNISTD_H 1
| #define TIME_WITH_SYS_TIME 1
| #define HAVE_FSEEKO 1
| #define HAVE_DECL_OPTARG 1
| #define SIZEOF_SIGNED_SHORT 2
| #define SIZEOF_UNSIGNED_SHORT 2
| #define SIZEOF_SIGNED_INT 4
| #define SIZEOF_UNSIGNED_INT 4
| #define SIZEOF_SIGNED_LONG 4
| #define SIZEOF_UNSIGNED_LONG 4
| #define SIZEOF_SIGNED_LONG_LONG 8
| #define SIZEOF_UNSIGNED_LONG_LONG 8
| #define SIZEOF_UNSIGNED_CHAR_P 4
| #define SIZEOF_SIZE_T 4
| #define TIFF_INT8_T signed char
| #define TIFF_UINT8_T unsigned char
| #define TIFF_INT16_T signed short
| #define TIFF_UINT16_T unsigned short
| #define TIFF_INT32_T signed int
| #define TIFF_INT32_FORMAT "%d"
| #define TIFF_UINT32_T unsigned int
| #define TIFF_UINT32_FORMAT "%u"
| #define TIFF_INT64_T signed long long
| #define TIFF_INT64_FORMAT "%lld"
| #define TIFF_UINT64_T unsigned long long
| #define TIFF_UINT64_FORMAT "%llu"
| #define TIFF_SIZE_T unsigned int
| #define TIFF_SIZE_FORMAT "%u"
| #define TIFF_SSIZE_T signed int
| #define TIFF_SSIZE_FORMAT "%d"
| #define TIFF_PTRDIFF_T ptrdiff_t
| #define TIFF_PTRDIFF_FORMAT "%ld"
| #define HAVE_FLOOR 1
| #define HAVE_ISASCII 1
| #define HAVE_MEMMOVE 1
| #define HAVE_MEMSET 1
| #define HAVE_MMAP 1
| #define HAVE_POW 1
| #define HAVE_SNPRINTF 1
| #define HAVE_SQRT 1
| #define HAVE_STRCHR 1
| #define HAVE_STRRCHR 1
| #define HAVE_STRSTR 1
| #define HAVE_STRTOL 1
| #define HAVE_STRTOUL 1
| #define HAVE_STRTOULL 1
| #define HAVE_GETOPT 1
| #define HAVE_SNPRINTF 1
| #define HAVE_STRCASECMP 1
| #define HAVE_STRTOUL 1
| #define HAVE_STRTOULL 1
| #define HAVE_LFIND 1
| #define HOST_FILLORDER FILLORDER_MSB2LSB
| #define HOST_BIGENDIAN 0
| #define HAVE_IEEEFP 1
| #define CCITT_SUPPORT 1
| #define PACKBITS_SUPPORT 1
| #define LZW_SUPPORT 1
| #define THUNDER_SUPPORT 1
| #define NEXT_SUPPORT 1
| #define LOGLUV_SUPPORT 1
| #define MDI_SUPPORT 1
| #define CXX_SUPPORT 1
| #define X_DISPLAY_MISSING 1
| #define HAVE_PTHREAD 1
| #define HAVE_GL_GL_H 1
| /* end confdefs.h.  */
| 
| # if defined(HAVE_WINDOWS_H) && defined(_WIN32)
| #   include <windows.h>
| # endif
| # ifdef HAVE_GL_GL_H
| #   include <GL/gl.h>
| # elif defined(HAVE_OPENGL_GL_H)
| #   include <OpenGL/gl.h>
| # else
| #   error no gl.h
| # endif
| int
| main ()
| {
| glBegin(0)
|   ;
|   return 0;
| }
configure:20364: arm-linux-gnueabihf-gcc -o conftest  -Wall -W    conftest.c -lopengl32 -L/usr/lib/nvidia  -lm -lm  >&5
/usr/lib/gcc-cross/arm-linux-gnueabihf/15/../../../../arm-linux-gnueabihf/bin/ld: cannot find -lopengl32: No such file or directory
collect2: error: ld returned 1 exit status
configure:20364: $? = 1
configure: failed program was:
| /* confdefs.h */
| #define PACKAGE_NAME "LibTIFF Software"
| #define PACKAGE_TARNAME "tiff"
| #define PACKAGE_VERSION "4.0.6"
| #define PACKAGE_STRING "LibTIFF Software 4.0.6"
| #define PACKAGE_BUGREPORT "tiff@lists.maptools.org"
| #define PACKAGE_URL ""
| #define PACKAGE "tiff"
| #define VERSION "4.0.6"
| #define STDC_HEADERS 1
| #define HAVE_SYS_TYPES_H 1
| #define HAVE_SYS_STAT_H 1
| #define HAVE_STDLIB_H 1
| #define HAVE_STRING_H 1
| #define HAVE_MEMORY_H 1
| #define HAVE_STRINGS_H 1
| #define HAVE_INTTYPES_H 1
| #define HAVE_STDINT_H 1
| #define HAVE_UNISTD_H 1
| #define HAVE_DLFCN_H 1
| #define LT_OBJDIR ".libs/"
| #define HAVE_ASSERT_H 1
| #define HAVE_FCNTL_H 1
| #define HAVE_LIMITS_H 1
| #define HAVE_MALLOC_H 1
| #define HAVE_SEARCH_H 1
| #define HAVE_SYS_TIME_H 1
| #define HAVE_UNISTD_H 1
| #define TIME_WITH_SYS_TIME 1
| #define HAVE_FSEEKO 1
| #define HAVE_DECL_OPTARG 1
| #define SIZEOF_SIGNED_SHORT 2
| #define SIZEOF_UNSIGNED_SHORT 2
| #define SIZEOF_SIGNED_INT 4
| #define SIZEOF_UNSIGNED_INT 4
| #define SIZEOF_SIGNED_LONG 4
| #define SIZEOF_UNSIGNED_LONG 4
| #define SIZEOF_SIGNED_LONG_LONG 8
| #define SIZEOF_UNSIGNED_LONG_LONG 8
| #define SIZEOF_UNSIGNED_CHAR_P 4
| #define SIZEOF_SIZE_T 4
| #define TIFF_INT8_T signed char
| #define TIFF_UINT8_T unsigned char
| #define TIFF_INT16_T signed short
| #define TIFF_UINT16_T unsigned short
| #define TIFF_INT32_T signed int
| #define TIFF_INT32_FORMAT "%d"
| #define TIFF_UINT32_T unsigned int
| #define TIFF_UINT32_FORMAT "%u"
| #define TIFF_INT64_T signed long long
| #define TIFF_INT64_FORMAT "%lld"
| #define TIFF_UINT64_T unsigned long long
| #define TIFF_UINT64_FORMAT "%llu"
| #define TIFF_SIZE_T unsigned int
| #define TIFF_SIZE_FORMAT "%u"
| #define TIFF_SSIZE_T signed int
| #define TIFF_SSIZE_FORMAT "%d"
| #define TIFF_PTRDIFF_T ptrdiff_t
| #define TIFF_PTRDIFF_FORMAT "%ld"
| #define HAVE_FLOOR 1
| #define HAVE_ISASCII 1
| #define HAVE_MEMMOVE 1
| #define HAVE_MEMSET 1
| #define HAVE_MMAP 1
| #define HAVE_POW 1
| #define HAVE_SNPRINTF 1
| #define HAVE_SQRT 1
| #define HAVE_STRCHR 1
| #define HAVE_STRRCHR 1
| #define HAVE_STRSTR 1
| #define HAVE_STRTOL 1
| #define HAVE_STRTOUL 1
| #define HAVE_STRTOULL 1
| #define HAVE_GETOPT 1
| #define HAVE_SNPRINTF 1
| #define HAVE_STRCASECMP 1
| #define HAVE_STRTOUL 1
| #define HAVE_STRTOULL 1
| #define HAVE_LFIND 1
| #define HOST_FILLORDER FILLORDER_MSB2LSB
| #define HOST_BIGENDIAN 0
| #define HAVE_IEEEFP 1
| #define CCITT_SUPPORT 1
| #define PACKBITS_SUPPORT 1
| #define LZW_SUPPORT 1
| #define THUNDER_SUPPORT 1
| #define NEXT_SUPPORT 1
| #define LOGLUV_SUPPORT 1
| #define MDI_SUPPORT 1
| #define CXX_SUPPORT 1
| #define X_DISPLAY_MISSING 1
| #define HAVE_PTHREAD 1
| #define HAVE_GL_GL_H 1
| /* end confdefs.h.  */
| 
| # if defined(HAVE_WINDOWS_H) && defined(_WIN32)
| #   include <windows.h>
| # endif
| # ifdef HAVE_GL_GL_H
| #   include <GL/gl.h>
| # elif defined(HAVE_OPENGL_GL_H)
| #   include <OpenGL/gl.h>
| # else
| #   error no gl.h
| # endif
| int
| main ()
| {
| glBegin(0)
|   ;
|   return 0;
| }
configure:20389: arm-linux-gnueabihf-gcc -o conftest  -Wall -W    conftest.c -lopengl32 -dylib_file /System/Library/Frameworks/OpenGL.framework/Versions/A/Libraries/libGL.dylib:/System/Library/Frameworks/OpenGL.framework/Versions/A/Libraries/libGL.dylib  -lm -lm  >&5
cc1: warning: unrecognized gcc debugging option: y
cc1: warning: unrecognized gcc debugging option: l
cc1: warning: unrecognized gcc debugging option: i
cc1: warning: unrecognized gcc debugging option: b
cc1: warning: unrecognized gcc debugging option: _
cc1: warning: unrecognized gcc debugging option: f
cc1: warning: unrecognized gcc debugging option: i
cc1: warning: unrecognized gcc debugging option: l
cc1: warning: unrecognized gcc debugging option: e
/usr/lib/gcc-cross/arm-linux-gnueabihf/15/../../../../arm-linux-gnueabihf/bin/ld: cannot find -lopengl32: No such file or directory
/usr/lib/gcc-cross/arm-linux-gnueabihf/15/../../../../arm-linux-gnueabihf/bin/ld: cannot find /System/Library/Frameworks/OpenGL.framework/Versions/A/Libraries/libGL.dylib:/System/Library/Frameworks/OpenGL.framework/Versions/A/Libraries/libGL.dylib: No such file or directory
collect2: error: ld returned 1 exit status
configure:20389: $? = 1
configure: failed program was:
| /* confdefs.h */
| #define PACKAGE_NAME "LibTIFF Software"
| #define PACKAGE_TARNAME "tiff"
| #define PACKAGE_VERSION "4.0.6"
| #define PACKAGE_STRING "LibTIFF Software 4.0.6"
| #define PACKAGE_BUGREPORT "tiff@lists.maptools.org"
| #define PACKAGE_URL ""
| #define PACKAGE "tiff"
| #define VERSION "4.0.6"
| #define STDC_HEADERS 1
| #define HAVE_SYS_TYPES_H 1
| #define HAVE_SYS_STAT_H 1
| #define HAVE_STDLIB_H 1
| #define HAVE_STRING_H 1
| #define HAVE_MEMORY_H 1
| #define HAVE_STRINGS_H 1
| #define HAVE_INTTYPES_H 1
| #define HAVE_STDINT_H 1
| #define HAVE_UNISTD_H 1
| #define HAVE_DLFCN_H 1
| #define LT_OBJDIR ".libs/"
| #define HAVE_ASSERT_H 1
| #define HAVE_FCNTL_H 1
| #define HAVE_LIMITS_H 1
| #define HAVE_MALLOC_H 1
| #define HAVE_SEARCH_H 1
| #define HAVE_SYS_TIME_H 1
| #define HAVE_UNISTD_H 1
| #define TIME_WITH_SYS_TIME 1
| #define HAVE_FSEEKO 1
| #define HAVE_DECL_OPTARG 1
| #define SIZEOF_SIGNED_SHORT 2
| #define SIZEOF_UNSIGNED_SHORT 2
| #define SIZEOF_SIGNED_INT 4
| #define SIZEOF_UNSIGNED_INT 4
| #define SIZEOF_SIGNED_LONG 4
| #define SIZEOF_UNSIGNED_LONG 4
| #define SIZEOF_SIGNED_LONG_LONG 8
| #define SIZEOF_UNSIGNED_LONG_LONG 8
| #define SIZEOF_UNSIGNED_CHAR_P 4
| #define SIZEOF_SIZE_T 4
| #define TIFF_INT8_T signed char
| #define TIFF_UINT8_T unsigned char
| #define TIFF_INT16_T signed short
| #define TIFF_UINT16_T unsigned short
| #define TIFF_INT32_T signed int
| #define TIFF_INT32_FORMAT "%d"
| #define TIFF_UINT32_T unsigned int
| #define TIFF_UINT32_FORMAT "%u"
| #define TIFF_INT64_T signed long long
| #define TIFF_INT64_FORMAT "%lld"
| #define TIFF_UINT64_T unsigned long long
| #define TIFF_UINT64_FORMAT "%llu"
| #define TIFF_SIZE_T unsigned int
| #define TIFF_SIZE_FORMAT "%u"
| #define TIFF_SSIZE_T signed int
| #define TIFF_SSIZE_FORMAT "%d"
| #define TIFF_PTRDIFF_T ptrdiff_t
| #define TIFF_PTRDIFF_FORMAT "%ld"
| #define HAVE_FLOOR 1
| #define HAVE_ISASCII 1
| #define HAVE_MEMMOVE 1
| #define HAVE_MEMSET 1
| #define HAVE_MMAP 1
| #define HAVE_POW 1
| #define HAVE_SNPRINTF 1
| #define HAVE_SQRT 1
| #define HAVE_STRCHR 1
| #define HAVE_STRRCHR 1
| #define HAVE_STRSTR 1
| #define HAVE_STRTOL 1
| #define HAVE_STRTOUL 1
| #define HAVE_STRTOULL 1
| #define HAVE_GETOPT 1
| #define HAVE_SNPRINTF 1
| #define HAVE_STRCASECMP 1
| #define HAVE_STRTOUL 1
| #define HAVE_STRTOULL 1
| #define HAVE_LFIND 1
| #define HOST_FILLORDER FILLORDER_MSB2LSB
| #define HOST_BIGENDIAN 0
| #define HAVE_IEEEFP 1
| #define CCITT_SUPPORT 1
| #define PACKBITS_SUPPORT 1
| #define LZW_SUPPORT 1
| #define THUNDER_SUPPORT 1
| #define NEXT_SUPPORT 1
| #define LOGLUV_SUPPORT 1
| #define MDI_SUPPORT 1
| #define CXX_SUPPORT 1
| #define X_DISPLAY_MISSING 1
| #define HAVE_PTHREAD 1
| #define HAVE_GL_GL_H 1
| /* end confdefs.h.  */
| 
| # if defined(HAVE_WINDOWS_H) && defined(_WIN32)
| #   include <windows.h>
| # endif
| # ifdef HAVE_GL_GL_H
| #   include <GL/gl.h>
| # elif defined(HAVE_OPENGL_GL_H)
| #   include <OpenGL/gl.h>
| # else
| #   error no gl.h
| # endif
| int
| main ()
| {
| glBegin(0)
|   ;
|   return 0;
| }
configure:20339: arm-linux-gnueabihf-gcc -o conftest  -Wall -W    conftest.c -lGL  -lm -lm  >&5
/usr/lib/gcc-cross/arm-linux-gnueabihf/15/../../../../arm-linux-gnueabihf/bin/ld: cannot find -lGL: No such file or directory
collect2: error: ld returned 1 exit status
configure:20339: $? = 1
configure: failed program was:
| /* confdefs.h */
| #define PACKAGE_NAME "LibTIFF Software"
| #define PACKAGE_TARNAME "tiff"
| #define PACKAGE_VERSION "4.0.6"
| #define PACKAGE_STRING "LibTIFF Software 4.0.6"
| #define PACKAGE_BUGREPORT "tiff@lists.maptools.org"
| #define PACKAGE_URL ""
| #define PACKAGE "tiff"
| #define VERSION "4.0.6"
| #define STDC_HEADERS 1
| #define HAVE_SYS_TYPES_H 1
| #define HAVE_SYS_STAT_H 1
| #define HAVE_STDLIB_H 1
| #define HAVE_STRING_H 1
| #define HAVE_MEMORY_H 1
| #define HAVE_STRINGS_H 1
| #define HAVE_INTTYPES_H 1
| #define HAVE_STDINT_H 1
| #define HAVE_UNISTD_H 1
| #define HAVE_DLFCN_H 1
| #define LT_OBJDIR ".libs/"
| #define HAVE_ASSERT_H 1
| #define HAVE_FCNTL_H 1
| #define HAVE_LIMITS_H 1
| #define HAVE_MALLOC_H 1
| #define HAVE_SEARCH_H 1
| #define HAVE_SYS_TIME_H 1
| #define HAVE_UNISTD_H 1
| #define TIME_WITH_SYS_TIME 1
| #define HAVE_FSEEKO 1
| #define HAVE_DECL_OPTARG 1
| #define SIZEOF_SIGNED_SHORT 2
| #define SIZEOF_UNSIGNED_SHORT 2
| #define SIZEOF_SIGNED_INT 4
| #define SIZEOF_UNSIGNED_INT 4
| #define SIZEOF_SIGNED_LONG 4
| #define SIZEOF_UNSIGNED_LONG 4
| #define SIZEOF_SIGNED_LONG_LONG 8
| #define SIZEOF_UNSIGNED_LONG_LONG 8
| #define SIZEOF_UNSIGNED_CHAR_P 4
| #define SIZEOF_SIZE_T 4
| #define TIFF_INT8_T signed char
| #define TIFF_UINT8_T unsigned char
| #define TIFF_INT16_T signed short
| #define TIFF_UINT16_T unsigned short
| #define TIFF_INT32_T signed int
| #define TIFF_INT32_FORMAT "%d"
| #define TIFF_UINT32_T unsigned int
| #define TIFF_UINT32_FORMAT "%u"
| #define TIFF_INT64_T signed long long
| #define TIFF_INT64_FORMAT "%lld"
| #define TIFF_UINT64_T unsigned long long
| #define TIFF_UINT64_FORMAT "%llu"
| #define TIFF_SIZE_T unsigned int
| #define TIFF_SIZE_FORMAT "%u"
| #define TIFF_SSIZE_T signed int
| #define TIFF_SSIZE_FORMAT "%d"
| #define TIFF_PTRDIFF_T ptrdiff_t
| #define TIFF_PTRDIFF_FORMAT "%ld"
| #define HAVE_FLOOR 1
| #define HAVE_ISASCII 1
| #define HAVE_MEMMOVE 1
| #define HAVE_MEMSET 1
| #define HAVE_MMAP 1
| #define HAVE_POW 1
| #define HAVE_SNPRINTF 1
| #define HAVE_SQRT 1
| #define HAVE_STRCHR 1
| #define HAVE_STRRCHR 1
| #define HAVE_STRSTR 1
| #define HAVE_STRTOL 1
| #define HAVE_STRTOUL 1
| #define HAVE_STRTOULL 1
| #define HAVE_GETOPT 1
| #define HAVE_SNPRINTF 1
| #define HAVE_STRCASECMP 1
| #define HAVE_STRTOUL 1
| #define HAVE_STRTOULL 1
| #define HAVE_LFIND 1
| #define HOST_FILLORDER FILLORDER_MSB2LSB
| #define HOST_BIGENDIAN 0
| #define HAVE_IEEEFP 1
| #define CCITT_SUPPORT 1
| #define PACKBITS_SUPPORT 1
| #define LZW_SUPPORT 1
| #define THUNDER_SUPPORT 1
| #define NEXT_SUPPORT 1
| #define LOGLUV_SUPPORT 1
| #define MDI_SUPPORT 1
| #define CXX_SUPPORT 1
| #define X_DISPLAY_MISSING 1
| #define HAVE_PTHREAD 1
| #define HAVE_GL_GL_H 1
| /* end confdefs.h.  */
| 
| # if defined(HAVE_WINDOWS_H) && defined(_WIN32)
| #   include <windows.h>
| # endif
| # ifdef HAVE_GL_GL_H
| #   include <GL/gl.h>
| # elif defined(HAVE_OPENGL_GL_H)
| #   include <OpenGL/gl.h>
| # else
| #   error no gl.h
| # endif
| int
| main ()
| {
| glBegin(0)
|   ;
|   return 0;
| }
configure:20364: arm-linux-gnueabihf-gcc -o conftest  -Wall -W    conftest.c -lGL -L/usr/lib/nvidia  -lm -lm  >&5
/usr/lib/gcc-cross/arm-linux-gnueabihf/15/../../../../arm-linux-gnueabihf/bin/ld: cannot find -lGL: No such file or directory
collect2: error: ld returned 1 exit status
configure:20364: $? = 1
configure: failed program was:
| /* confdefs.h */
| #define PACKAGE_NAME "LibTIFF Software"
| #define PACKAGE_TARNAME "tiff"
| #define PACKAGE_VERSION "4.0.6"
| #define PACKAGE_STRING "LibTIFF Software 4.0.6"
| #define PACKAGE_BUGREPORT "tiff@lists.maptools.org"
| #define PACKAGE_URL ""
| #define PACKAGE "tiff"
| #define VERSION "4.0.6"
| #define STDC_HEADERS 1
| #define HAVE_SYS_TYPES_H 1
| #define HAVE_SYS_STAT_H 1
| #define HAVE_STDLIB_H 1
| #define HAVE_STRING_H 1
| #define HAVE_MEMORY_H 1
| #define HAVE_STRINGS_H 1
| #define HAVE_INTTYPES_H 1
| #define HAVE_STDINT_H 1
| #define HAVE_UNISTD_H 1
| #define HAVE_DLFCN_H 1
| #define LT_OBJDIR ".libs/"
| #define HAVE_ASSERT_H 1
| #define HAVE_FCNTL_H 1
| #define HAVE_LIMITS_H 1
| #define HAVE_MALLOC_H 1
| #define HAVE_SEARCH_H 1
| #define HAVE_SYS_TIME_H 1
| #define HAVE_UNISTD_H 1
| #define TIME_WITH_SYS_TIME 1
| #define HAVE_FSEEKO 1
| #define HAVE_DECL_OPTARG 1
| #define SIZEOF_SIGNED_SHORT 2
| #define SIZEOF_UNSIGNED_SHORT 2
| #define SIZEOF_SIGNED_INT 4
| #define SIZEOF_UNSIGNED_INT 4
| #define SIZEOF_SIGNED_LONG 4
| #define SIZEOF_UNSIGNED_LONG 4
| #define SIZEOF_SIGNED_LONG_LONG 8
| #define SIZEOF_UNSIGNED_LONG_LONG 8
| #define SIZEOF_UNSIGNED_CHAR_P 4
| #define SIZEOF_SIZE_T 4
| #define TIFF_INT8_T signed char
| #define TIFF_UINT8_T unsigned char
| #define TIFF_INT16_T signed short
| #define TIFF_UINT16_T unsigned short
| #define TIFF_INT32_T signed int
| #define TIFF_INT32_FORMAT "%d"
| #define TIFF_UINT32_T unsigned int
| #define TIFF_UINT32_FORMAT "%u"
| #define TIFF_INT64_T signed long long
| #define TIFF_INT64_FORMAT "%lld"
| #define TIFF_UINT64_T unsigned long long
| #define TIFF_UINT64_FORMAT "%llu"
| #define TIFF_SIZE_T unsigned int
| #define TIFF_SIZE_FORMAT "%u"
| #define TIFF_SSIZE_T signed int
| #define TIFF_SSIZE_FORMAT "%d"
| #define TIFF_PTRDIFF_T ptrdiff_t
| #define TIFF_PTRDIFF_FORMAT "%ld"
| #define HAVE_FLOOR 1
| #define HAVE_ISASCII 1
| #define HAVE_MEMMOVE 1
| #define HAVE_MEMSET 1
| #define HAVE_MMAP 1
| #define HAVE_POW 1
| #define HAVE_SNPRINTF 1
| #define HAVE_SQRT 1
| #define HAVE_STRCHR 1
| #define HAVE_STRRCHR 1
| #define HAVE_STRSTR 1
| #define HAVE_STRTOL 1
| #define HAVE_STRTOUL 1
| #define HAVE_STRTOULL 1
| #define HAVE_GETOPT 1
| #define HAVE_SNPRINTF 1
| #define HAVE_STRCASECMP 1
| #define HAVE_STRTOUL 1
| #define HAVE_STRTOULL 1
| #define HAVE_LFIND 1
| #define HOST_FILLORDER FILLORDER_MSB2LSB
| #define HOST_BIGENDIAN 0
| #define HAVE_IEEEFP 1
| #define CCITT_SUPPORT 1
| #define PACKBITS_SUPPORT 1
| #define LZW_SUPPORT 1
| #define THUNDER_SUPPORT 1
| #define NEXT_SUPPORT 1
| #define LOGLUV_SUPPORT 1
| #define MDI_SUPPORT 1
| #define CXX_SUPPORT 1
| #define X_DISPLAY_MISSING 1
| #define HAVE_PTHREAD 1
| #define HAVE_GL_GL_H 1
| /* end confdefs.h.  */
| 
| # if defined(HAVE_WINDOWS_H) && defined(_WIN32)
| #   include <windows.h>
| # endif
| # ifdef HAVE_GL_GL_H
| #   include <GL/gl.h>
| # elif defined(HAVE_OPENGL_GL_H)
| #   include <OpenGL/gl.h>
| # else
| #   error no gl.h
| # endif
| int
| main ()
| {
| glBegin(0)
|   ;
|   return 0;
| }
configure:20389: arm-linux-gnueabihf-gcc -o conftest  -Wall -W    conftest.c -lGL -dylib_file /System/Library/Frameworks/OpenGL.framework/Versions/A/Libraries/libGL.dylib:/System/Library/Frameworks/OpenGL.framework/Versions/A/Libraries/libGL.dylib  -lm -lm  >&5
cc1: warning: unrecognized gcc debugging option: y
cc1: warning: unrecognized gcc debugging option: l
cc1: warning: unrecognized gcc debugging option: i
cc1: warning: unrecognized gcc debugging option: b
cc1: warning: unrecognized gcc debugging option: _
cc1: warning: unrecognized gcc debugging option: f
cc1: warning: unrecognized gcc debugging option: i
cc1: warning: unrecognized gcc debugging option: l
cc1: warning: unrecognized gcc debugging option: e
/usr/lib/gcc-cross/arm-linux-gnueabihf/15/../../../../arm-linux-gnueabihf/bin/ld: cannot find -lGL: No such file or directory
/usr/lib/gcc-cross/arm-linux-gnueabihf/15/../../../../arm-linux-gnueabihf/bin/ld: cannot find /System/Library/Frameworks/OpenGL.framework/Versions/A/Libraries/libGL.dylib:/System/Library/Frameworks/OpenGL.framework/Versions/A/Libraries/libGL.dylib: No such file or directory
collect2: error: ld returned 1 exit status
configure:20389: $? = 1
configure: failed program was:
| /* confdefs.h */
| #define PACKAGE_NAME "LibTIFF Software"
| #define PACKAGE_TARNAME "tiff"
| #define PACKAGE_VERSION "4.0.6"
| #define PACKAGE_STRING "LibTIFF Software 4.0.6"
| #define PACKAGE_BUGREPORT "tiff@lists.maptools.org"
| #define PACKAGE_URL ""
| #define PACKAGE "tiff"
| #define VERSION "4.0.6"
| #define STDC_HEADERS 1
| #define HAVE_SYS_TYPES_H 1
| #define HAVE_SYS_STAT_H 1
| #define HAVE_STDLIB_H 1
| #define HAVE_STRING_H 1
| #define HAVE_MEMORY_H 1
| #define HAVE_STRINGS_H 1
| #define HAVE_INTTYPES_H 1
| #define HAVE_STDINT_H 1
| #define HAVE_UNISTD_H 1
| #define HAVE_DLFCN_H 1
| #define LT_OBJDIR ".libs/"
| #define HAVE_ASSERT_H 1
| #define HAVE_FCNTL_H 1
| #define HAVE_LIMITS_H 1
| #define HAVE_MALLOC_H 1
| #define HAVE_SEARCH_H 1
| #define HAVE_SYS_TIME_H 1
| #define HAVE_UNISTD_H 1
| #define TIME_WITH_SYS_TIME 1
| #define HAVE_FSEEKO 1
| #define HAVE_DECL_OPTARG 1
| #define SIZEOF_SIGNED_SHORT 2
| #define SIZEOF_UNSIGNED_SHORT 2
| #define SIZEOF_SIGNED_INT 4
| #define SIZEOF_UNSIGNED_INT 4
| #define SIZEOF_SIGNED_LONG 4
| #define SIZEOF_UNSIGNED_LONG 4
| #define SIZEOF_SIGNED_LONG_LONG 8
| #define SIZEOF_UNSIGNED_LONG_LONG 8
| #define SIZEOF_UNSIGNED_CHAR_P 4
| #define SIZEOF_SIZE_T 4
| #define TIFF_INT8_T signed char
| #define TIFF_UINT8_T unsigned char
| #define TIFF_INT16_T signed short
| #define TIFF_UINT16_T unsigned short
| #define TIFF_INT32_T signed int
| #define TIFF_INT32_FORMAT "%d"
| #define TIFF_UINT32_T unsigned int
| #define TIFF_UINT32_FORMAT "%u"
| #define TIFF_INT64_T signed long long
| #define TIFF_INT64_FORMAT "%lld"
| #define TIFF_UINT64_T unsigned long long
| #define TIFF_UINT64_FORMAT "%llu"
| #define TIFF_SIZE_T unsigned int
| #define TIFF_SIZE_FORMAT "%u"
| #define TIFF_SSIZE_T signed int
| #define TIFF_SSIZE_FORMAT "%d"
| #define TIFF_PTRDIFF_T ptrdiff_t
| #define TIFF_PTRDIFF_FORMAT "%ld"
| #define HAVE_FLOOR 1
| #define HAVE_ISASCII 1
| #define HAVE_MEMMOVE 1
| #define HAVE_MEMSET 1
| #define HAVE_MMAP 1
| #define HAVE_POW 1
| #define HAVE_SNPRINTF 1
| #define HAVE_SQRT 1
| #define HAVE_STRCHR 1
| #define HAVE_STRRCHR 1
| #define HAVE_STRSTR 1
| #define HAVE_STRTOL 1
| #define HAVE_STRTOUL 1
| #define HAVE_STRTOULL 1
| #define HAVE_GETOPT 1
| #define HAVE_SNPRINTF 1
| #define HAVE_STRCASECMP 1
| #define HAVE_STRTOUL 1
| #define HAVE_STRTOULL 1
| #define HAVE_LFIND 1
| #define HOST_FILLORDER FILLORDER_MSB2LSB
| #define HOST_BIGENDIAN 0
| #define HAVE_IEEEFP 1
| #define CCITT_SUPPORT 1
| #define PACKBITS_SUPPORT 1
| #define LZW_SUPPORT 1
| #define THUNDER_SUPPORT 1
| #define NEXT_SUPPORT 1
| #define LOGLUV_SUPPORT 1
| #define MDI_SUPPORT 1
| #define CXX_SUPPORT 1
| #define X_DISPLAY_MISSING 1
| #define HAVE_PTHREAD 1
| #define HAVE_GL_GL_H 1
| /* end confdefs.h.  */
| 
| # if defined(HAVE_WINDOWS_H) && defined(_WIN32)
| #   include <windows.h>
| # endif
| # ifdef HAVE_GL_GL_H
| #   include <GL/gl.h>
| # elif defined(HAVE_OPENGL_GL_H)
| #   include <OpenGL/gl.h>
| # else
| #   error no gl.h
| # endif
| int
| main ()
| {
| glBegin(0)
|   ;
|   return 0;
| }
configure:20425: arm-linux-gnueabihf-gcc -o conftest  -Wall -W    conftest.c -framework OpenGL >&5
arm-linux-gnueabihf-gcc: error: unrecognized command-line option '-framework'
configure:20425: $? = 1
configure: failed program was:
| /* confdefs.h */
| #define PACKAGE_NAME "LibTIFF Software"
| #define PACKAGE_TARNAME "tiff"
| #define PACKAGE_VERSION "4.0.6"
| #define PACKAGE_STRING "LibTIFF Software 4.0.6"
| #define PACKAGE_BUGREPORT "tiff@lists.maptools.org"
| #define PACKAGE_URL ""
| #define PACKAGE "tiff"
| #define VERSION "4.0.6"
| #define STDC_HEADERS 1
| #define HAVE_SYS_TYPES_H 1
| #define HAVE_SYS_STAT_H 1
| #define HAVE_STDLIB_H 1
| #define HAVE_STRING_H 1
| #define HAVE_MEMORY_H 1
| #define HAVE_STRINGS_H 1
| #define HAVE_INTTYPES_H 1
| #define HAVE_STDINT_H 1
| #define HAVE_UNISTD_H 1
| #define HAVE_DLFCN_H 1
| #define LT_OBJDIR ".libs/"
| #define HAVE_ASSERT_H 1
| #define HAVE_FCNTL_H 1
| #define HAVE_LIMITS_H 1
| #define HAVE_MALLOC_H 1
| #define HAVE_SEARCH_H 1
| #define HAVE_SYS_TIME_H 1
| #define HAVE_UNISTD_H 1
| #define TIME_WITH_SYS_TIME 1
| #define HAVE_FSEEKO 1
| #define HAVE_DECL_OPTARG 1
| #define SIZEOF_SIGNED_SHORT 2
| #define SIZEOF_UNSIGNED_SHORT 2
| #define SIZEOF_SIGNED_INT 4
| #define SIZEOF_UNSIGNED_INT 4
| #define SIZEOF_SIGNED_LONG 4
| #define SIZEOF_UNSIGNED_LONG 4
| #define SIZEOF_SIGNED_LONG_LONG 8
| #define SIZEOF_UNSIGNED_LONG_LONG 8
| #define SIZEOF_UNSIGNED_CHAR_P 4
| #define SIZEOF_SIZE_T 4
| #define TIFF_INT8_T signed char
| #define TIFF_UINT8_T unsigned char
| #define TIFF_INT16_T signed short
| #define TIFF_UINT16_T unsigned short
| #define TIFF_INT32_T signed int
| #define TIFF_INT32_FORMAT "%d"
| #define TIFF_UINT32_T unsigned int
| #define TIFF_UINT32_FORMAT "%u"
| #define TIFF_INT64_T signed long long
| #define TIFF_INT64_FORMAT "%lld"
| #define TIFF_UINT64_T unsigned long long
| #define TIFF_UINT64_FORMAT "%llu"
| #define TIFF_SIZE_T unsigned int
| #define TIFF_SIZE_FORMAT "%u"
| #define TIFF_SSIZE_T signed int
| #define TIFF_SSIZE_FORMAT "%d"
| #define TIFF_PTRDIFF_T ptrdiff_t
| #define TIFF_PTRDIFF_FORMAT "%ld"
| #define HAVE_FLOOR 1
| #define HAVE_ISASCII 1
| #define HAVE_MEMMOVE 1
| #define HAVE_MEMSET 1
| #define HAVE_MMAP 1
| #define HAVE_POW 1
| #define HAVE_SNPRINTF 1
| #define HAVE_SQRT 1
| #define HAVE_STRCHR 1
| #define HAVE_STRRCHR 1
| #define HAVE_STRSTR 1
| #define HAVE_STRTOL 1
| #define HAVE_STRTOUL 1
| #define HAVE_STRTOULL 1
| #define HAVE_GETOPT 1
| #define HAVE_SNPRINTF 1
| #define HAVE_STRCASECMP 1
| #define HAVE_STRTOUL 1
| #define HAVE_STRTOULL 1
| #define HAVE_LFIND 1
| #define HOST_FILLORDER FILLORDER_MSB2LSB
| #define HOST_BIGENDIAN 0
| #define HAVE_IEEEFP 1
| #define CCITT_SUPPORT 1
| #define PACKBITS_SUPPORT 1
| #define LZW_SUPPORT 1
| #define THUNDER_SUPPORT 1
| #define NEXT_SUPPORT 1
| #define LOGLUV_SUPPORT 1
| #define MDI_SUPPORT 1
| #define CXX_SUPPORT 1
| #define X_DISPLAY_MISSING 1
| #define HAVE_PTHREAD 1
| #define HAVE_GL_GL_H 1
| /* end confdefs.h.  */
| 
| # if defined(HAVE_WINDOWS_H) && defined(_WIN32)
| #   include <windows.h>
| # endif
| # ifdef HAVE_GL_GL_H
| #   include <GL/gl.h>
| # elif defined(HAVE_OPENGL_GL_H)
| #   include <OpenGL/gl.h>
| # else
| #   error no gl.h
| # endif
| int
| main ()
| {
| glBegin(0)
|   ;
|   return 0;
| }
configure:20435: result: no
configure:20461: checking GL/glu.h usability
configure:20461: arm-linux-gnueabihf-gcc -c  -Wall -W   conftest.c >&5
conftest.c:128:10: fatal error: GL/glu.h: No such file or directory
  128 | #include <GL/glu.h>
      |          ^~~~~~~~~~
compilation terminated.
configure:20461: $? = 1
configure: failed program was:
| /* confdefs.h */
| #define PACKAGE_NAME "LibTIFF Software"
| #define PACKAGE_TARNAME "tiff"
| #define PACKAGE_VERSION "4.0.6"
| #define PACKAGE_STRING "LibTIFF Software 4.0.6"
| #define PACKAGE_BUGREPORT "tiff@lists.maptools.org"
| #define PACKAGE_URL ""
| #define PACKAGE "tiff"
| #define VERSION "4.0.6"
| #define STDC_HEADERS 1
| #define HAVE_SYS_TYPES_H 1
| #define HAVE_SYS_STAT_H 1
| #define HAVE_STDLIB_H 1
| #define HAVE_STRING_H 1
| #define HAVE_MEMORY_H 1
| #define HAVE_STRINGS_H 1
| #define HAVE_INTTYPES_H 1
| #define HAVE_STDINT_H 1
| #define HAVE_UNISTD_H 1
| #define HAVE_DLFCN_H 1
| #define LT_OBJDIR ".libs/"
| #define HAVE_ASSERT_H 1
| #define HAVE_FCNTL_H 1
| #define HAVE_LIMITS_H 1
| #define HAVE_MALLOC_H 1
| #define HAVE_SEARCH_H 1
| #define HAVE_SYS_TIME_H 1
| #define HAVE_UNISTD_H 1
| #define TIME_WITH_SYS_TIME 1
| #define HAVE_FSEEKO 1
| #define HAVE_DECL_OPTARG 1
| #define SIZEOF_SIGNED_SHORT 2
| #define SIZEOF_UNSIGNED_SHORT 2
| #define SIZEOF_SIGNED_INT 4
| #define SIZEOF_UNSIGNED_INT 4
| #define SIZEOF_SIGNED_LONG 4
| #define SIZEOF_UNSIGNED_LONG 4
| #define SIZEOF_SIGNED_LONG_LONG 8
| #define SIZEOF_UNSIGNED_LONG_LONG 8
| #define SIZEOF_UNSIGNED_CHAR_P 4
| #define SIZEOF_SIZE_T 4
| #define TIFF_INT8_T signed char
| #define TIFF_UINT8_T unsigned char
| #define TIFF_INT16_T signed short
| #define TIFF_UINT16_T unsigned short
| #define TIFF_INT32_T signed int
| #define TIFF_INT32_FORMAT "%d"
| #define TIFF_UINT32_T unsigned int
| #define TIFF_UINT32_FORMAT "%u"
| #define TIFF_INT64_T signed long long
| #define TIFF_INT64_FORMAT "%lld"
| #define TIFF_UINT64_T unsigned long long
| #define TIFF_UINT64_FORMAT "%llu"
| #define TIFF_SIZE_T unsigned int
| #define TIFF_SIZE_FORMAT "%u"
| #define TIFF_SSIZE_T signed int
| #define TIFF_SSIZE_FORMAT "%d"
| #define TIFF_PTRDIFF_T ptrdiff_t
| #define TIFF_PTRDIFF_FORMAT "%ld"
| #define HAVE_FLOOR 1
| #define HAVE_ISASCII 1
| #define HAVE_MEMMOVE 1
| #define HAVE_MEMSET 1
| #define HAVE_MMAP 1
| #define HAVE_POW 1
| #define HAVE_SNPRINTF 1
| #define HAVE_SQRT 1
| #define HAVE_STRCHR 1
| #define HAVE_STRRCHR 1
| #define HAVE_STRSTR 1
| #define HAVE_STRTOL 1
| #define HAVE_STRTOUL 1
| #define HAVE_STRTOULL 1
| #define HAVE_GETOPT 1
| #define HAVE_SNPRINTF 1
| #define HAVE_STRCASECMP 1
| #define HAVE_STRTOUL 1
| #define HAVE_STRTOULL 1
| #define HAVE_LFIND 1
| #define HOST_FILLORDER FILLORDER_MSB2LSB
| #define HOST_BIGENDIAN 0
| #define HAVE_IEEEFP 1
| #define CCITT_SUPPORT 1
| #define PACKBITS_SUPPORT 1
| #define LZW_SUPPORT 1
| #define THUNDER_SUPPORT 1
| #define NEXT_SUPPORT 1
| #define LOGLUV_SUPPORT 1
| #define MDI_SUPPORT 1
| #define CXX_SUPPORT 1
| #define X_DISPLAY_MISSING 1
| #define HAVE_PTHREAD 1
| #define HAVE_GL_GL_H 1
| /* end confdefs.h.  */
| #include <stdio.h>
| #ifdef HAVE_SYS_TYPES_H
| # include <sys/types.h>
| #endif
| #ifdef HAVE_SYS_STAT_H
| # include <sys/stat.h>
| #endif
| #ifdef STDC_HEADERS
| # include <stdlib.h>
| # include <stddef.h>
| #else
| # ifdef HAVE_STDLIB_H
| #  include <stdlib.h>
| # endif
| #endif
| #ifdef HAVE_STRING_H
| # if !defined STDC_HEADERS && defined HAVE_MEMORY_H
| #  include <memory.h>
| # endif
| # include <string.h>
| #endif
| #ifdef HAVE_STRINGS_H
| # include <strings.h>
| #endif
| #ifdef HAVE_INTTYPES_H
| # include <inttypes.h>
| #endif
| #ifdef HAVE_STDINT_H
| # include <stdint.h>
| #endif
| #ifdef HAVE_UNISTD_H
| # include <unistd.h>
| #endif
| #include <GL/glu.h>
configure:20461: result: no
configure:20461: checking GL/glu.h presence
configure:20461: arm-linux-gnueabihf-gcc -E   conftest.c
conftest.c:95:10: fatal error: GL/glu.h: No such file or directory
   95 | #include <GL/glu.h>
      |          ^~~~~~~~~~
compilation terminated.
configure:20461: $? = 1
configure: failed program was:
| /* confdefs.h */
| #define PACKAGE_NAME "LibTIFF Software"
| #define PACKAGE_TARNAME "tiff"
| #define PACKAGE_VERSION "4.0.6"
| #define PACKAGE_STRING "LibTIFF Software 4.0.6"
| #define PACKAGE_BUGREPORT "tiff@lists.maptools.org"
| #define PACKAGE_URL ""
| #define PACKAGE "tiff"
| #define VERSION "4.0.6"
| #define STDC_HEADERS 1
| #define HAVE_SYS_TYPES_H 1
| #define HAVE_SYS_STAT_H 1
| #define HAVE_STDLIB_H 1
| #define HAVE_STRING_H 1
| #define HAVE_MEMORY_H 1
| #define HAVE_STRINGS_H 1
| #define HAVE_INTTYPES_H 1
| #define HAVE_STDINT_H 1
| #define HAVE_UNISTD_H 1
| #define HAVE_DLFCN_H 1
| #define LT_OBJDIR ".libs/"
| #define HAVE_ASSERT_H 1
| #define HAVE_FCNTL_H 1
| #define HAVE_LIMITS_H 1
| #define HAVE_MALLOC_H 1
| #define HAVE_SEARCH_H 1
| #define HAVE_SYS_TIME_H 1
| #define HAVE_UNISTD_H 1
| #define TIME_WITH_SYS_TIME 1
| #define HAVE_FSEEKO 1
| #define HAVE_DECL_OPTARG 1
| #define SIZEOF_SIGNED_SHORT 2
| #define SIZEOF_UNSIGNED_SHORT 2
| #define SIZEOF_SIGNED_INT 4
| #define SIZEOF_UNSIGNED_INT 4
| #define SIZEOF_SIGNED_LONG 4
| #define SIZEOF_UNSIGNED_LONG 4
| #define SIZEOF_SIGNED_LONG_LONG 8
| #define SIZEOF_UNSIGNED_LONG_LONG 8
| #define SIZEOF_UNSIGNED_CHAR_P 4
| #define SIZEOF_SIZE_T 4
| #define TIFF_INT8_T signed char
| #define TIFF_UINT8_T unsigned char
| #define TIFF_INT16_T signed short
| #define TIFF_UINT16_T unsigned short
| #define TIFF_INT32_T signed int
| #define TIFF_INT32_FORMAT "%d"
| #define TIFF_UINT32_T unsigned int
| #define TIFF_UINT32_FORMAT "%u"
| #define TIFF_INT64_T signed long long
| #define TIFF_INT64_FORMAT "%lld"
| #define TIFF_UINT64_T unsigned long long
| #define TIFF_UINT64_FORMAT "%llu"
| #define TIFF_SIZE_T unsigned int
| #define TIFF_SIZE_FORMAT "%u"
| #define TIFF_SSIZE_T signed int
| #define TIFF_SSIZE_FORMAT "%d"
| #define TIFF_PTRDIFF_T ptrdiff_t
| #define TIFF_PTRDIFF_FORMAT "%ld"
| #define HAVE_FLOOR 1
| #define HAVE_ISASCII 1
| #define HAVE_MEMMOVE 1
| #define HAVE_MEMSET 1
| #define HAVE_MMAP 1
| #define HAVE_POW 1
| #define HAVE_SNPRINTF 1
| #define HAVE_SQRT 1
| #define HAVE_STRCHR 1
| #define HAVE_STRRCHR 1
| #define HAVE_STRSTR 1
| #define HAVE_STRTOL 1
| #define HAVE_STRTOUL 1
| #define HAVE_STRTOULL 1
| #define HAVE_GETOPT 1
| #define HAVE_SNPRINTF 1
| #define HAVE_STRCASECMP 1
| #define HAVE_STRTOUL 1
| #define HAVE_STRTOULL 1
| #define HAVE_LFIND 1
| #define HOST_FILLORDER FILLORDER_MSB2LSB
| #define HOST_BIGENDIAN 0
| #define HAVE_IEEEFP 1
| #define CCITT_SUPPORT 1
| #define PACKBITS_SUPPORT 1
| #define LZW_SUPPORT 1
| #define THUNDER_SUPPORT 1
| #define NEXT_SUPPORT 1
| #define LOGLUV_SUPPORT 1
| #define MDI_SUPPORT 1
| #define CXX_SUPPORT 1
| #define X_DISPLAY_MISSING 1
| #define HAVE_PTHREAD 1
| #define HAVE_GL_GL_H 1
| /* end confdefs.h.  */
| #include <GL/glu.h>
configure:20461: result: no
configure:20461: checking for GL/glu.h
configure:20461: result: no
configure:20461: checking OpenGL/glu.h usability
configure:20461: arm-linux-gnueabihf-gcc -c  -Wall -W   conftest.c >&5
conftest.c:128:10: fatal error: OpenGL/glu.h: No such file or directory
  128 | #include <OpenGL/glu.h>
      |          ^~~~~~~~~~~~~~
compilation terminated.
configure:20461: $? = 1
configure: failed program was:
| /* confdefs.h */
| #define PACKAGE_NAME "LibTIFF Software"
| #define PACKAGE_TARNAME "tiff"
| #define PACKAGE_VERSION "4.0.6"
| #define PACKAGE_STRING "LibTIFF Software 4.0.6"
| #define PACKAGE_BUGREPORT "tiff@lists.maptools.org"
| #define PACKAGE_URL ""
| #define PACKAGE "tiff"
| #define VERSION "4.0.6"
| #define STDC_HEADERS 1
| #define HAVE_SYS_TYPES_H 1
| #define HAVE_SYS_STAT_H 1
| #define HAVE_STDLIB_H 1
| #define HAVE_STRING_H 1
| #define HAVE_MEMORY_H 1
| #define HAVE_STRINGS_H 1
| #define HAVE_INTTYPES_H 1
| #define HAVE_STDINT_H 1
| #define HAVE_UNISTD_H 1
| #define HAVE_DLFCN_H 1
| #define LT_OBJDIR ".libs/"
| #define HAVE_ASSERT_H 1
| #define HAVE_FCNTL_H 1
| #define HAVE_LIMITS_H 1
| #define HAVE_MALLOC_H 1
| #define HAVE_SEARCH_H 1
| #define HAVE_SYS_TIME_H 1
| #define HAVE_UNISTD_H 1
| #define TIME_WITH_SYS_TIME 1
| #define HAVE_FSEEKO 1
| #define HAVE_DECL_OPTARG 1
| #define SIZEOF_SIGNED_SHORT 2
| #define SIZEOF_UNSIGNED_SHORT 2
| #define SIZEOF_SIGNED_INT 4
| #define SIZEOF_UNSIGNED_INT 4
| #define SIZEOF_SIGNED_LONG 4
| #define SIZEOF_UNSIGNED_LONG 4
| #define SIZEOF_SIGNED_LONG_LONG 8
| #define SIZEOF_UNSIGNED_LONG_LONG 8
| #define SIZEOF_UNSIGNED_CHAR_P 4
| #define SIZEOF_SIZE_T 4
| #define TIFF_INT8_T signed char
| #define TIFF_UINT8_T unsigned char
| #define TIFF_INT16_T signed short
| #define TIFF_UINT16_T unsigned short
| #define TIFF_INT32_T signed int
| #define TIFF_INT32_FORMAT "%d"
| #define TIFF_UINT32_T unsigned int
| #define TIFF_UINT32_FORMAT "%u"
| #define TIFF_INT64_T signed long long
| #define TIFF_INT64_FORMAT "%lld"
| #define TIFF_UINT64_T unsigned long long
| #define TIFF_UINT64_FORMAT "%llu"
| #define TIFF_SIZE_T unsigned int
| #define TIFF_SIZE_FORMAT "%u"
| #define TIFF_SSIZE_T signed int
| #define TIFF_SSIZE_FORMAT "%d"
| #define TIFF_PTRDIFF_T ptrdiff_t
| #define TIFF_PTRDIFF_FORMAT "%ld"
| #define HAVE_FLOOR 1
| #define HAVE_ISASCII 1
| #define HAVE_MEMMOVE 1
| #define HAVE_MEMSET 1
| #define HAVE_MMAP 1
| #define HAVE_POW 1
| #define HAVE_SNPRINTF 1
| #define HAVE_SQRT 1
| #define HAVE_STRCHR 1
| #define HAVE_STRRCHR 1
| #define HAVE_STRSTR 1
| #define HAVE_STRTOL 1
| #define HAVE_STRTOUL 1
| #define HAVE_STRTOULL 1
| #define HAVE_GETOPT 1
| #define HAVE_SNPRINTF 1
| #define HAVE_STRCASECMP 1
| #define HAVE_STRTOUL 1
| #define HAVE_STRTOULL 1
| #define HAVE_LFIND 1
| #define HOST_FILLORDER FILLORDER_MSB2LSB
| #define HOST_BIGENDIAN 0
| #define HAVE_IEEEFP 1
| #define CCITT_SUPPORT 1
| #define PACKBITS_SUPPORT 1
| #define LZW_SUPPORT 1
| #define THUNDER_SUPPORT 1
| #define NEXT_SUPPORT 1
| #define LOGLUV_SUPPORT 1
| #define MDI_SUPPORT 1
| #define CXX_SUPPORT 1
| #define X_DISPLAY_MISSING 1
| #define HAVE_PTHREAD 1
| #define HAVE_GL_GL_H 1
| /* end confdefs.h.  */
| #include <stdio.h>
| #ifdef HAVE_SYS_TYPES_H
| # include <sys/types.h>
| #endif
| #ifdef HAVE_SYS_STAT_H
| # include <sys/stat.h>
| #endif
| #ifdef STDC_HEADERS
| # include <stdlib.h>
| # include <stddef.h>
| #else
| # ifdef HAVE_STDLIB_H
| #  include <stdlib.h>
| # endif
| #endif
| #ifdef HAVE_STRING_H
| # if !defined STDC_HEADERS && defined HAVE_MEMORY_H
| #  include <memory.h>
| # endif
| # include <string.h>
| #endif
| #ifdef HAVE_STRINGS_H
| # include <strings.h>
| #endif
| #ifdef HAVE_INTTYPES_H
| # include <inttypes.h>
| #endif
| #ifdef HAVE_STDINT_H
| # include <stdint.h>
| #endif
| #ifdef HAVE_UNISTD_H
| # include <unistd.h>
| #endif
| #include <OpenGL/glu.h>
configure:20461: result: no
configure:20461: checking OpenGL/glu.h presence
configure:20461: arm-linux-gnueabihf-gcc -E   conftest.c
conftest.c:95:10: fatal error: OpenGL/glu.h: No such file or directory
   95 | #include <OpenGL/glu.h>
      |          ^~~~~~~~~~~~~~
compilation terminated.
configure:20461: $? = 1
configure: failed program was:
| /* confdefs.h */
| #define PACKAGE_NAME "LibTIFF Software"
| #define PACKAGE_TARNAME "tiff"
| #define PACKAGE_VERSION "4.0.6"
| #define PACKAGE_STRING "LibTIFF Software 4.0.6"
| #define PACKAGE_BUGREPORT "tiff@lists.maptools.org"
| #define PACKAGE_URL ""
| #define PACKAGE "tiff"
| #define VERSION "4.0.6"
| #define STDC_HEADERS 1
| #define HAVE_SYS_TYPES_H 1
| #define HAVE_SYS_STAT_H 1
| #define HAVE_STDLIB_H 1
| #define HAVE_STRING_H 1
| #define HAVE_MEMORY_H 1
| #define HAVE_STRINGS_H 1
| #define HAVE_INTTYPES_H 1
| #define HAVE_STDINT_H 1
| #define HAVE_UNISTD_H 1
| #define HAVE_DLFCN_H 1
| #define LT_OBJDIR ".libs/"
| #define HAVE_ASSERT_H 1
| #define HAVE_FCNTL_H 1
| #define HAVE_LIMITS_H 1
| #define HAVE_MALLOC_H 1
| #define HAVE_SEARCH_H 1
| #define HAVE_SYS_TIME_H 1
| #define HAVE_UNISTD_H 1
| #define TIME_WITH_SYS_TIME 1
| #define HAVE_FSEEKO 1
| #define HAVE_DECL_OPTARG 1
| #define SIZEOF_SIGNED_SHORT 2
| #define SIZEOF_UNSIGNED_SHORT 2
| #define SIZEOF_SIGNED_INT 4
| #define SIZEOF_UNSIGNED_INT 4
| #define SIZEOF_SIGNED_LONG 4
| #define SIZEOF_UNSIGNED_LONG 4
| #define SIZEOF_SIGNED_LONG_LONG 8
| #define SIZEOF_UNSIGNED_LONG_LONG 8
| #define SIZEOF_UNSIGNED_CHAR_P 4
| #define SIZEOF_SIZE_T 4
| #define TIFF_INT8_T signed char
| #define TIFF_UINT8_T unsigned char
| #define TIFF_INT16_T signed short
| #define TIFF_UINT16_T unsigned short
| #define TIFF_INT32_T signed int
| #define TIFF_INT32_FORMAT "%d"
| #define TIFF_UINT32_T unsigned int
| #define TIFF_UINT32_FORMAT "%u"
| #define TIFF_INT64_T signed long long
| #define TIFF_INT64_FORMAT "%lld"
| #define TIFF_UINT64_T unsigned long long
| #define TIFF_UINT64_FORMAT "%llu"
| #define TIFF_SIZE_T unsigned int
| #define TIFF_SIZE_FORMAT "%u"
| #define TIFF_SSIZE_T signed int
| #define TIFF_SSIZE_FORMAT "%d"
| #define TIFF_PTRDIFF_T ptrdiff_t
| #define TIFF_PTRDIFF_FORMAT "%ld"
| #define HAVE_FLOOR 1
| #define HAVE_ISASCII 1
| #define HAVE_MEMMOVE 1
| #define HAVE_MEMSET 1
| #define HAVE_MMAP 1
| #define HAVE_POW 1
| #define HAVE_SNPRINTF 1
| #define HAVE_SQRT 1
| #define HAVE_STRCHR 1
| #define HAVE_STRRCHR 1
| #define HAVE_STRSTR 1
| #define HAVE_STRTOL 1
| #define HAVE_STRTOUL 1
| #define HAVE_STRTOULL 1
| #define HAVE_GETOPT 1
| #define HAVE_SNPRINTF 1
| #define HAVE_STRCASECMP 1
| #define HAVE_STRTOUL 1
| #define HAVE_STRTOULL 1
| #define HAVE_LFIND 1
| #define HOST_FILLORDER FILLORDER_MSB2LSB
| #define HOST_BIGENDIAN 0
| #define HAVE_IEEEFP 1
| #define CCITT_SUPPORT 1
| #define PACKBITS_SUPPORT 1
| #define LZW_SUPPORT 1
| #define THUNDER_SUPPORT 1
| #define NEXT_SUPPORT 1
| #define LOGLUV_SUPPORT 1
| #define MDI_SUPPORT 1
| #define CXX_SUPPORT 1
| #define X_DISPLAY_MISSING 1
| #define HAVE_PTHREAD 1
| #define HAVE_GL_GL_H 1
| /* end confdefs.h.  */
| #include <OpenGL/glu.h>
configure:20461: result: no
configure:20461: checking for OpenGL/glu.h
configure:20461: result: no
configure:20475: checking for OpenGL Utility library
configure:20521: arm-linux-gnueabihf-g++ -o conftest -g -O2    conftest.cpp  -lm  >&5
conftest.cpp:104:5: error: #error no glu.h
  104 | #   error no glu.h
      |     ^~~~~
conftest.cpp: In function 'int main()':
conftest.cpp:109:1: error: 'gluBeginCurve' was not declared in this scope
  109 | gluBeginCurve(0)
      | ^~~~~~~~~~~~~
configure:20521: $? = 1
configure: failed program was:
| /* confdefs.h */
| #define PACKAGE_NAME "LibTIFF Software"
| #define PACKAGE_TARNAME "tiff"
| #define PACKAGE_VERSION "4.0.6"
| #define PACKAGE_STRING "LibTIFF Software 4.0.6"
| #define PACKAGE_BUGREPORT "tiff@lists.maptools.org"
| #define PACKAGE_URL ""
| #define PACKAGE "tiff"
| #define VERSION "4.0.6"
| #define STDC_HEADERS 1
| #define HAVE_SYS_TYPES_H 1
| #define HAVE_SYS_STAT_H 1
| #define HAVE_STDLIB_H 1
| #define HAVE_STRING_H 1
| #define HAVE_MEMORY_H 1
| #define HAVE_STRINGS_H 1
| #define HAVE_INTTYPES_H 1
| #define HAVE_STDINT_H 1
| #define HAVE_UNISTD_H 1
| #define HAVE_DLFCN_H 1
| #define LT_OBJDIR ".libs/"
| #define HAVE_ASSERT_H 1
| #define HAVE_FCNTL_H 1
| #define HAVE_LIMITS_H 1
| #define HAVE_MALLOC_H 1
| #define HAVE_SEARCH_H 1
| #define HAVE_SYS_TIME_H 1
| #define HAVE_UNISTD_H 1
| #define TIME_WITH_SYS_TIME 1
| #define HAVE_FSEEKO 1
| #define HAVE_DECL_OPTARG 1
| #define SIZEOF_SIGNED_SHORT 2
| #define SIZEOF_UNSIGNED_SHORT 2
| #define SIZEOF_SIGNED_INT 4
| #define SIZEOF_UNSIGNED_INT 4
| #define SIZEOF_SIGNED_LONG 4
| #define SIZEOF_UNSIGNED_LONG 4
| #define SIZEOF_SIGNED_LONG_LONG 8
| #define SIZEOF_UNSIGNED_LONG_LONG 8
| #define SIZEOF_UNSIGNED_CHAR_P 4
| #define SIZEOF_SIZE_T 4
| #define TIFF_INT8_T signed char
| #define TIFF_UINT8_T unsigned char
| #define TIFF_INT16_T signed short
| #define TIFF_UINT16_T unsigned short
| #define TIFF_INT32_T signed int
| #define TIFF_INT32_FORMAT "%d"
| #define TIFF_UINT32_T unsigned int
| #define TIFF_UINT32_FORMAT "%u"
| #define TIFF_INT64_T signed long long
| #define TIFF_INT64_FORMAT "%lld"
| #define TIFF_UINT64_T unsigned long long
| #define TIFF_UINT64_FORMAT "%llu"
| #define TIFF_SIZE_T unsigned int
| #define TIFF_SIZE_FORMAT "%u"
| #define TIFF_SSIZE_T signed int
| #define TIFF_SSIZE_FORMAT "%d"
| #define TIFF_PTRDIFF_T ptrdiff_t
| #define TIFF_PTRDIFF_FORMAT "%ld"
| #define HAVE_FLOOR 1
| #define HAVE_ISASCII 1
| #define HAVE_MEMMOVE 1
| #define HAVE_MEMSET 1
| #define HAVE_MMAP 1
| #define HAVE_POW 1
| #define HAVE_SNPRINTF 1
| #define HAVE_SQRT 1
| #define HAVE_STRCHR 1
| #define HAVE_STRRCHR 1
| #define HAVE_STRSTR 1
| #define HAVE_STRTOL 1
| #define HAVE_STRTOUL 1
| #define HAVE_STRTOULL 1
| #define HAVE_GETOPT 1
| #define HAVE_SNPRINTF 1
| #define HAVE_STRCASECMP 1
| #define HAVE_STRTOUL 1
| #define HAVE_STRTOULL 1
| #define HAVE_LFIND 1
| #define HOST_FILLORDER FILLORDER_MSB2LSB
| #define HOST_BIGENDIAN 0
| #define HAVE_IEEEFP 1
| #define CCITT_SUPPORT 1
| #define PACKBITS_SUPPORT 1
| #define LZW_SUPPORT 1
| #define THUNDER_SUPPORT 1
| #define NEXT_SUPPORT 1
| #define LOGLUV_SUPPORT 1
| #define MDI_SUPPORT 1
| #define CXX_SUPPORT 1
| #define X_DISPLAY_MISSING 1
| #define HAVE_PTHREAD 1
| #define HAVE_GL_GL_H 1
| /* end confdefs.h.  */
| 
| # if defined(HAVE_WINDOWS_H) && defined(_WIN32)
| #   include <windows.h>
| # endif
| # ifdef HAVE_GL_GLU_H
| #   include <GL/glu.h>
| # elif defined(HAVE_OPENGL_GLU_H)
| #   include <OpenGL/glu.h>
| # else
| #   error no glu.h
| # endif
| int
| main ()
| {
| gluBeginCurve(0)
|   ;
|   return 0;
| }
configure:20554: arm-linux-gnueabihf-g++ -o conftest -g -O2    conftest.cpp -lglu32  -lm  >&5
conftest.cpp:104:5: error: #error no glu.h
  104 | #   error no glu.h
      |     ^~~~~
conftest.cpp: In function 'int main()':
conftest.cpp:109:1: error: 'gluBeginCurve' was not declared in this scope
  109 | gluBeginCurve(0)
      | ^~~~~~~~~~~~~
configure:20554: $? = 1
configure: failed program was:
| /* confdefs.h */
| #define PACKAGE_NAME "LibTIFF Software"
| #define PACKAGE_TARNAME "tiff"
| #define PACKAGE_VERSION "4.0.6"
| #define PACKAGE_STRING "LibTIFF Software 4.0.6"
| #define PACKAGE_BUGREPORT "tiff@lists.maptools.org"
| #define PACKAGE_URL ""
| #define PACKAGE "tiff"
| #define VERSION "4.0.6"
| #define STDC_HEADERS 1
| #define HAVE_SYS_TYPES_H 1
| #define HAVE_SYS_STAT_H 1
| #define HAVE_STDLIB_H 1
| #define HAVE_STRING_H 1
| #define HAVE_MEMORY_H 1
| #define HAVE_STRINGS_H 1
| #define HAVE_INTTYPES_H 1
| #define HAVE_STDINT_H 1
| #define HAVE_UNISTD_H 1
| #define HAVE_DLFCN_H 1
| #define LT_OBJDIR ".libs/"
| #define HAVE_ASSERT_H 1
| #define HAVE_FCNTL_H 1
| #define HAVE_LIMITS_H 1
| #define HAVE_MALLOC_H 1
| #define HAVE_SEARCH_H 1
| #define HAVE_SYS_TIME_H 1
| #define HAVE_UNISTD_H 1
| #define TIME_WITH_SYS_TIME 1
| #define HAVE_FSEEKO 1
| #define HAVE_DECL_OPTARG 1
| #define SIZEOF_SIGNED_SHORT 2
| #define SIZEOF_UNSIGNED_SHORT 2
| #define SIZEOF_SIGNED_INT 4
| #define SIZEOF_UNSIGNED_INT 4
| #define SIZEOF_SIGNED_LONG 4
| #define SIZEOF_UNSIGNED_LONG 4
| #define SIZEOF_SIGNED_LONG_LONG 8
| #define SIZEOF_UNSIGNED_LONG_LONG 8
| #define SIZEOF_UNSIGNED_CHAR_P 4
| #define SIZEOF_SIZE_T 4
| #define TIFF_INT8_T signed char
| #define TIFF_UINT8_T unsigned char
| #define TIFF_INT16_T signed short
| #define TIFF_UINT16_T unsigned short
| #define TIFF_INT32_T signed int
| #define TIFF_INT32_FORMAT "%d"
| #define TIFF_UINT32_T unsigned int
| #define TIFF_UINT32_FORMAT "%u"
| #define TIFF_INT64_T signed long long
| #define TIFF_INT64_FORMAT "%lld"
| #define TIFF_UINT64_T unsigned long long
| #define TIFF_UINT64_FORMAT "%llu"
| #define TIFF_SIZE_T unsigned int
| #define TIFF_SIZE_FORMAT "%u"
| #define TIFF_SSIZE_T signed int
| #define TIFF_SSIZE_FORMAT "%d"
| #define TIFF_PTRDIFF_T ptrdiff_t
| #define TIFF_PTRDIFF_FORMAT "%ld"
| #define HAVE_FLOOR 1
| #define HAVE_ISASCII 1
| #define HAVE_MEMMOVE 1
| #define HAVE_MEMSET 1
| #define HAVE_MMAP 1
| #define HAVE_POW 1
| #define HAVE_SNPRINTF 1
| #define HAVE_SQRT 1
| #define HAVE_STRCHR 1
| #define HAVE_STRRCHR 1
| #define HAVE_STRSTR 1
| #define HAVE_STRTOL 1
| #define HAVE_STRTOUL 1
| #define HAVE_STRTOULL 1
| #define HAVE_GETOPT 1
| #define HAVE_SNPRINTF 1
| #define HAVE_STRCASECMP 1
| #define HAVE_STRTOUL 1
| #define HAVE_STRTOULL 1
| #define HAVE_LFIND 1
| #define HOST_FILLORDER FILLORDER_MSB2LSB
| #define HOST_BIGENDIAN 0
| #define HAVE_IEEEFP 1
| #define CCITT_SUPPORT 1
| #define PACKBITS_SUPPORT 1
| #define LZW_SUPPORT 1
| #define THUNDER_SUPPORT 1
| #define NEXT_SUPPORT 1
| #define LOGLUV_SUPPORT 1
| #define MDI_SUPPORT 1
| #define CXX_SUPPORT 1
| #define X_DISPLAY_MISSING 1
| #define HAVE_PTHREAD 1
| #define HAVE_GL_GL_H 1
| /* end confdefs.h.  */
| 
| # if defined(HAVE_WINDOWS_H) && defined(_WIN32)
| #   include <windows.h>
| # endif
| # ifdef HAVE_GL_GLU_H
| #   include <GL/glu.h>
| # elif defined(HAVE_OPENGL_GLU_H)
| #   include <OpenGL/glu.h>
| # else
| #   error no glu.h
| # endif
| int
| main ()
| {
| gluBeginCurve(0)
|   ;
|   return 0;
| }
configure:20554: arm-linux-gnueabihf-g++ -o conftest -g -O2    conftest.cpp -lGLU  -lm  >&5
conftest.cpp:104:5: error: #error no glu.h
  104 | #   error no glu.h
      |     ^~~~~
conftest.cpp: In function 'int main()':
conftest.cpp:109:1: error: 'gluBeginCurve' was not declared in this scope
  109 | gluBeginCurve(0)
      | ^~~~~~~~~~~~~
configure:20554: $? = 1
configure: failed program was:
| /* confdefs.h */
| #define PACKAGE_NAME "LibTIFF Software"
| #define PACKAGE_TARNAME "tiff"
| #define PACKAGE_VERSION "4.0.6"
| #define PACKAGE_STRING "LibTIFF Software 4.0.6"
| #define PACKAGE_BUGREPORT "tiff@lists.maptools.org"
| #define PACKAGE_URL ""
| #define PACKAGE "tiff"
| #define VERSION "4.0.6"
| #define STDC_HEADERS 1
| #define HAVE_SYS_TYPES_H 1
| #define HAVE_SYS_STAT_H 1
| #define HAVE_STDLIB_H 1
| #define HAVE_STRING_H 1
| #define HAVE_MEMORY_H 1
| #define HAVE_STRINGS_H 1
| #define HAVE_INTTYPES_H 1
| #define HAVE_STDINT_H 1
| #define HAVE_UNISTD_H 1
| #define HAVE_DLFCN_H 1
| #define LT_OBJDIR ".libs/"
| #define HAVE_ASSERT_H 1
| #define HAVE_FCNTL_H 1
| #define HAVE_LIMITS_H 1
| #define HAVE_MALLOC_H 1
| #define HAVE_SEARCH_H 1
| #define HAVE_SYS_TIME_H 1
| #define HAVE_UNISTD_H 1
| #define TIME_WITH_SYS_TIME 1
| #define HAVE_FSEEKO 1
| #define HAVE_DECL_OPTARG 1
| #define SIZEOF_SIGNED_SHORT 2
| #define SIZEOF_UNSIGNED_SHORT 2
| #define SIZEOF_SIGNED_INT 4
| #define SIZEOF_UNSIGNED_INT 4
| #define SIZEOF_SIGNED_LONG 4
| #define SIZEOF_UNSIGNED_LONG 4
| #define SIZEOF_SIGNED_LONG_LONG 8
| #define SIZEOF_UNSIGNED_LONG_LONG 8
| #define SIZEOF_UNSIGNED_CHAR_P 4
| #define SIZEOF_SIZE_T 4
| #define TIFF_INT8_T signed char
| #define TIFF_UINT8_T unsigned char
| #define TIFF_INT16_T signed short
| #define TIFF_UINT16_T unsigned short
| #define TIFF_INT32_T signed int
| #define TIFF_INT32_FORMAT "%d"
| #define TIFF_UINT32_T unsigned int
| #define TIFF_UINT32_FORMAT "%u"
| #define TIFF_INT64_T signed long long
| #define TIFF_INT64_FORMAT "%lld"
| #define TIFF_UINT64_T unsigned long long
| #define TIFF_UINT64_FORMAT "%llu"
| #define TIFF_SIZE_T unsigned int
| #define TIFF_SIZE_FORMAT "%u"
| #define TIFF_SSIZE_T signed int
| #define TIFF_SSIZE_FORMAT "%d"
| #define TIFF_PTRDIFF_T ptrdiff_t
| #define TIFF_PTRDIFF_FORMAT "%ld"
| #define HAVE_FLOOR 1
| #define HAVE_ISASCII 1
| #define HAVE_MEMMOVE 1
| #define HAVE_MEMSET 1
| #define HAVE_MMAP 1
| #define HAVE_POW 1
| #define HAVE_SNPRINTF 1
| #define HAVE_SQRT 1
| #define HAVE_STRCHR 1
| #define HAVE_STRRCHR 1
| #define HAVE_STRSTR 1
| #define HAVE_STRTOL 1
| #define HAVE_STRTOUL 1
| #define HAVE_STRTOULL 1
| #define HAVE_GETOPT 1
| #define HAVE_SNPRINTF 1
| #define HAVE_STRCASECMP 1
| #define HAVE_STRTOUL 1
| #define HAVE_STRTOULL 1
| #define HAVE_LFIND 1
| #define HOST_FILLORDER FILLORDER_MSB2LSB
| #define HOST_BIGENDIAN 0
| #define HAVE_IEEEFP 1
| #define CCITT_SUPPORT 1
| #define PACKBITS_SUPPORT 1
| #define LZW_SUPPORT 1
| #define THUNDER_SUPPORT 1
| #define NEXT_SUPPORT 1
| #define LOGLUV_SUPPORT 1
| #define MDI_SUPPORT 1
| #define CXX_SUPPORT 1
| #define X_DISPLAY_MISSING 1
| #define HAVE_PTHREAD 1
| #define HAVE_GL_GL_H 1
| /* end confdefs.h.  */
| 
| # if defined(HAVE_WINDOWS_H) && defined(_WIN32)
| #   include <windows.h>
| # endif
| # ifdef HAVE_GL_GLU_H
| #   include <GL/glu.h>
| # elif defined(HAVE_OPENGL_GLU_H)
| #   include <OpenGL/glu.h>
| # else
| #   error no glu.h
| # endif
| int
| main ()
| {
| gluBeginCurve(0)
|   ;
|   return 0;
| }
configure:20582: result: no
configure:20643: checking GL/glut.h usability
configure:20643: arm-linux-gnueabihf-gcc -c  -Wall -W   conftest.c >&5
conftest.c:128:10: fatal error: GL/glut.h: No such file or directory
  128 | #include <GL/glut.h>
      |          ^~~~~~~~~~~
compilation terminated.
configure:20643: $? = 1
configure: failed program was:
| /* confdefs.h */
| #define PACKAGE_NAME "LibTIFF Software"
| #define PACKAGE_TARNAME "tiff"
| #define PACKAGE_VERSION "4.0.6"
| #define PACKAGE_STRING "LibTIFF Software 4.0.6"
| #define PACKAGE_BUGREPORT "tiff@lists.maptools.org"
| #define PACKAGE_URL ""
| #define PACKAGE "tiff"
| #define VERSION "4.0.6"
| #define STDC_HEADERS 1
| #define HAVE_SYS_TYPES_H 1
| #define HAVE_SYS_STAT_H 1
| #define HAVE_STDLIB_H 1
| #define HAVE_STRING_H 1
| #define HAVE_MEMORY_H 1
| #define HAVE_STRINGS_H 1
| #define HAVE_INTTYPES_H 1
| #define HAVE_STDINT_H 1
| #define HAVE_UNISTD_H 1
| #define HAVE_DLFCN_H 1
| #define LT_OBJDIR ".libs/"
| #define HAVE_ASSERT_H 1
| #define HAVE_FCNTL_H 1
| #define HAVE_LIMITS_H 1
| #define HAVE_MALLOC_H 1
| #define HAVE_SEARCH_H 1
| #define HAVE_SYS_TIME_H 1
| #define HAVE_UNISTD_H 1
| #define TIME_WITH_SYS_TIME 1
| #define HAVE_FSEEKO 1
| #define HAVE_DECL_OPTARG 1
| #define SIZEOF_SIGNED_SHORT 2
| #define SIZEOF_UNSIGNED_SHORT 2
| #define SIZEOF_SIGNED_INT 4
| #define SIZEOF_UNSIGNED_INT 4
| #define SIZEOF_SIGNED_LONG 4
| #define SIZEOF_UNSIGNED_LONG 4
| #define SIZEOF_SIGNED_LONG_LONG 8
| #define SIZEOF_UNSIGNED_LONG_LONG 8
| #define SIZEOF_UNSIGNED_CHAR_P 4
| #define SIZEOF_SIZE_T 4
| #define TIFF_INT8_T signed char
| #define TIFF_UINT8_T unsigned char
| #define TIFF_INT16_T signed short
| #define TIFF_UINT16_T unsigned short
| #define TIFF_INT32_T signed int
| #define TIFF_INT32_FORMAT "%d"
| #define TIFF_UINT32_T unsigned int
| #define TIFF_UINT32_FORMAT "%u"
| #define TIFF_INT64_T signed long long
| #define TIFF_INT64_FORMAT "%lld"
| #define TIFF_UINT64_T unsigned long long
| #define TIFF_UINT64_FORMAT "%llu"
| #define TIFF_SIZE_T unsigned int
| #define TIFF_SIZE_FORMAT "%u"
| #define TIFF_SSIZE_T signed int
| #define TIFF_SSIZE_FORMAT "%d"
| #define TIFF_PTRDIFF_T ptrdiff_t
| #define TIFF_PTRDIFF_FORMAT "%ld"
| #define HAVE_FLOOR 1
| #define HAVE_ISASCII 1
| #define HAVE_MEMMOVE 1
| #define HAVE_MEMSET 1
| #define HAVE_MMAP 1
| #define HAVE_POW 1
| #define HAVE_SNPRINTF 1
| #define HAVE_SQRT 1
| #define HAVE_STRCHR 1
| #define HAVE_STRRCHR 1
| #define HAVE_STRSTR 1
| #define HAVE_STRTOL 1
| #define HAVE_STRTOUL 1
| #define HAVE_STRTOULL 1
| #define HAVE_GETOPT 1
| #define HAVE_SNPRINTF 1
| #define HAVE_STRCASECMP 1
| #define HAVE_STRTOUL 1
| #define HAVE_STRTOULL 1
| #define HAVE_LFIND 1
| #define HOST_FILLORDER FILLORDER_MSB2LSB
| #define HOST_BIGENDIAN 0
| #define HAVE_IEEEFP 1
| #define CCITT_SUPPORT 1
| #define PACKBITS_SUPPORT 1
| #define LZW_SUPPORT 1
| #define THUNDER_SUPPORT 1
| #define NEXT_SUPPORT 1
| #define LOGLUV_SUPPORT 1
| #define MDI_SUPPORT 1
| #define CXX_SUPPORT 1
| #define X_DISPLAY_MISSING 1
| #define HAVE_PTHREAD 1
| #define HAVE_GL_GL_H 1
| /* end confdefs.h.  */
| #include <stdio.h>
| #ifdef HAVE_SYS_TYPES_H
| # include <sys/types.h>
| #endif
| #ifdef HAVE_SYS_STAT_H
| # include <sys/stat.h>
| #endif
| #ifdef STDC_HEADERS
| # include <stdlib.h>
| # include <stddef.h>
| #else
| # ifdef HAVE_STDLIB_H
| #  include <stdlib.h>
| # endif
| #endif
| #ifdef HAVE_STRING_H
| # if !defined STDC_HEADERS && defined HAVE_MEMORY_H
| #  include <memory.h>
| # endif
| # include <string.h>
| #endif
| #ifdef HAVE_STRINGS_H
| # include <strings.h>
| #endif
| #ifdef HAVE_INTTYPES_H
| # include <inttypes.h>
| #endif
| #ifdef HAVE_STDINT_H
| # include <stdint.h>
| #endif
| #ifdef HAVE_UNISTD_H
| # include <unistd.h>
| #endif
| #include <GL/glut.h>
configure:20643: result: no
configure:20643: checking GL/glut.h presence
configure:20643: arm-linux-gnueabihf-gcc -E   conftest.c
conftest.c:95:10: fatal error: GL/glut.h: No such file or directory
   95 | #include <GL/glut.h>
      |          ^~~~~~~~~~~
compilation terminated.
configure:20643: $? = 1
configure: failed program was:
| /* confdefs.h */
| #define PACKAGE_NAME "LibTIFF Software"
| #define PACKAGE_TARNAME "tiff"
| #define PACKAGE_VERSION "4.0.6"
| #define PACKAGE_STRING "LibTIFF Software 4.0.6"
| #define PACKAGE_BUGREPORT "tiff@lists.maptools.org"
| #define PACKAGE_URL ""
| #define PACKAGE "tiff"
| #define VERSION "4.0.6"
| #define STDC_HEADERS 1
| #define HAVE_SYS_TYPES_H 1
| #define HAVE_SYS_STAT_H 1
| #define HAVE_STDLIB_H 1
| #define HAVE_STRING_H 1
| #define HAVE_MEMORY_H 1
| #define HAVE_STRINGS_H 1
| #define HAVE_INTTYPES_H 1
| #define HAVE_STDINT_H 1
| #define HAVE_UNISTD_H 1
| #define HAVE_DLFCN_H 1
| #define LT_OBJDIR ".libs/"
| #define HAVE_ASSERT_H 1
| #define HAVE_FCNTL_H 1
| #define HAVE_LIMITS_H 1
| #define HAVE_MALLOC_H 1
| #define HAVE_SEARCH_H 1
| #define HAVE_SYS_TIME_H 1
| #define HAVE_UNISTD_H 1
| #define TIME_WITH_SYS_TIME 1
| #define HAVE_FSEEKO 1
| #define HAVE_DECL_OPTARG 1
| #define SIZEOF_SIGNED_SHORT 2
| #define SIZEOF_UNSIGNED_SHORT 2
| #define SIZEOF_SIGNED_INT 4
| #define SIZEOF_UNSIGNED_INT 4
| #define SIZEOF_SIGNED_LONG 4
| #define SIZEOF_UNSIGNED_LONG 4
| #define SIZEOF_SIGNED_LONG_LONG 8
| #define SIZEOF_UNSIGNED_LONG_LONG 8
| #define SIZEOF_UNSIGNED_CHAR_P 4
| #define SIZEOF_SIZE_T 4
| #define TIFF_INT8_T signed char
| #define TIFF_UINT8_T unsigned char
| #define TIFF_INT16_T signed short
| #define TIFF_UINT16_T unsigned short
| #define TIFF_INT32_T signed int
| #define TIFF_INT32_FORMAT "%d"
| #define TIFF_UINT32_T unsigned int
| #define TIFF_UINT32_FORMAT "%u"
| #define TIFF_INT64_T signed long long
| #define TIFF_INT64_FORMAT "%lld"
| #define TIFF_UINT64_T unsigned long long
| #define TIFF_UINT64_FORMAT "%llu"
| #define TIFF_SIZE_T unsigned int
| #define TIFF_SIZE_FORMAT "%u"
| #define TIFF_SSIZE_T signed int
| #define TIFF_SSIZE_FORMAT "%d"
| #define TIFF_PTRDIFF_T ptrdiff_t
| #define TIFF_PTRDIFF_FORMAT "%ld"
| #define HAVE_FLOOR 1
| #define HAVE_ISASCII 1
| #define HAVE_MEMMOVE 1
| #define HAVE_MEMSET 1
| #define HAVE_MMAP 1
| #define HAVE_POW 1
| #define HAVE_SNPRINTF 1
| #define HAVE_SQRT 1
| #define HAVE_STRCHR 1
| #define HAVE_STRRCHR 1
| #define HAVE_STRSTR 1
| #define HAVE_STRTOL 1
| #define HAVE_STRTOUL 1
| #define HAVE_STRTOULL 1
| #define HAVE_GETOPT 1
| #define HAVE_SNPRINTF 1
| #define HAVE_STRCASECMP 1
| #define HAVE_STRTOUL 1
| #define HAVE_STRTOULL 1
| #define HAVE_LFIND 1
| #define HOST_FILLORDER FILLORDER_MSB2LSB
| #define HOST_BIGENDIAN 0
| #define HAVE_IEEEFP 1
| #define CCITT_SUPPORT 1
| #define PACKBITS_SUPPORT 1
| #define LZW_SUPPORT 1
| #define THUNDER_SUPPORT 1
| #define NEXT_SUPPORT 1
| #define LOGLUV_SUPPORT 1
| #define MDI_SUPPORT 1
| #define CXX_SUPPORT 1
| #define X_DISPLAY_MISSING 1
| #define HAVE_PTHREAD 1
| #define HAVE_GL_GL_H 1
| /* end confdefs.h.  */
| #include <GL/glut.h>
configure:20643: result: no
configure:20643: checking for GL/glut.h
configure:20643: result: no
configure:20643: checking GLUT/glut.h usability
configure:20643: arm-linux-gnueabihf-gcc -c  -Wall -W   conftest.c >&5
conftest.c:128:10: fatal error: GLUT/glut.h: No such file or directory
  128 | #include <GLUT/glut.h>
      |          ^~~~~~~~~~~~~
compilation terminated.
configure:20643: $? = 1
configure: failed program was:
| /* confdefs.h */
| #define PACKAGE_NAME "LibTIFF Software"
| #define PACKAGE_TARNAME "tiff"
| #define PACKAGE_VERSION "4.0.6"
| #define PACKAGE_STRING "LibTIFF Software 4.0.6"
| #define PACKAGE_BUGREPORT "tiff@lists.maptools.org"
| #define PACKAGE_URL ""
| #define PACKAGE "tiff"
| #define VERSION "4.0.6"
| #define STDC_HEADERS 1
| #define HAVE_SYS_TYPES_H 1
| #define HAVE_SYS_STAT_H 1
| #define HAVE_STDLIB_H 1
| #define HAVE_STRING_H 1
| #define HAVE_MEMORY_H 1
| #define HAVE_STRINGS_H 1
| #define HAVE_INTTYPES_H 1
| #define HAVE_STDINT_H 1
| #define HAVE_UNISTD_H 1
| #define HAVE_DLFCN_H 1
| #define LT_OBJDIR ".libs/"
| #define HAVE_ASSERT_H 1
| #define HAVE_FCNTL_H 1
| #define HAVE_LIMITS_H 1
| #define HAVE_MALLOC_H 1
| #define HAVE_SEARCH_H 1
| #define HAVE_SYS_TIME_H 1
| #define HAVE_UNISTD_H 1
| #define TIME_WITH_SYS_TIME 1
| #define HAVE_FSEEKO 1
| #define HAVE_DECL_OPTARG 1
| #define SIZEOF_SIGNED_SHORT 2
| #define SIZEOF_UNSIGNED_SHORT 2
| #define SIZEOF_SIGNED_INT 4
| #define SIZEOF_UNSIGNED_INT 4
| #define SIZEOF_SIGNED_LONG 4
| #define SIZEOF_UNSIGNED_LONG 4
| #define SIZEOF_SIGNED_LONG_LONG 8
| #define SIZEOF_UNSIGNED_LONG_LONG 8
| #define SIZEOF_UNSIGNED_CHAR_P 4
| #define SIZEOF_SIZE_T 4
| #define TIFF_INT8_T signed char
| #define TIFF_UINT8_T unsigned char
| #define TIFF_INT16_T signed short
| #define TIFF_UINT16_T unsigned short
| #define TIFF_INT32_T signed int
| #define TIFF_INT32_FORMAT "%d"
| #define TIFF_UINT32_T unsigned int
| #define TIFF_UINT32_FORMAT "%u"
| #define TIFF_INT64_T signed long long
| #define TIFF_INT64_FORMAT "%lld"
| #define TIFF_UINT64_T unsigned long long
| #define TIFF_UINT64_FORMAT "%llu"
| #define TIFF_SIZE_T unsigned int
| #define TIFF_SIZE_FORMAT "%u"
| #define TIFF_SSIZE_T signed int
| #define TIFF_SSIZE_FORMAT "%d"
| #define TIFF_PTRDIFF_T ptrdiff_t
| #define TIFF_PTRDIFF_FORMAT "%ld"
| #define HAVE_FLOOR 1
| #define HAVE_ISASCII 1
| #define HAVE_MEMMOVE 1
| #define HAVE_MEMSET 1
| #define HAVE_MMAP 1
| #define HAVE_POW 1
| #define HAVE_SNPRINTF 1
| #define HAVE_SQRT 1
| #define HAVE_STRCHR 1
| #define HAVE_STRRCHR 1
| #define HAVE_STRSTR 1
| #define HAVE_STRTOL 1
| #define HAVE_STRTOUL 1
| #define HAVE_STRTOULL 1
| #define HAVE_GETOPT 1
| #define HAVE_SNPRINTF 1
| #define HAVE_STRCASECMP 1
| #define HAVE_STRTOUL 1
| #define HAVE_STRTOULL 1
| #define HAVE_LFIND 1
| #define HOST_FILLORDER FILLORDER_MSB2LSB
| #define HOST_BIGENDIAN 0
| #define HAVE_IEEEFP 1
| #define CCITT_SUPPORT 1
| #define PACKBITS_SUPPORT 1
| #define LZW_SUPPORT 1
| #define THUNDER_SUPPORT 1
| #define NEXT_SUPPORT 1
| #define LOGLUV_SUPPORT 1
| #define MDI_SUPPORT 1
| #define CXX_SUPPORT 1
| #define X_DISPLAY_MISSING 1
| #define HAVE_PTHREAD 1
| #define HAVE_GL_GL_H 1
| /* end confdefs.h.  */
| #include <stdio.h>
| #ifdef HAVE_SYS_TYPES_H
| # include <sys/types.h>
| #endif
| #ifdef HAVE_SYS_STAT_H
| # include <sys/stat.h>
| #endif
| #ifdef STDC_HEADERS
| # include <stdlib.h>
| # include <stddef.h>
| #else
| # ifdef HAVE_STDLIB_H
| #  include <stdlib.h>
| # endif
| #endif
| #ifdef HAVE_STRING_H
| # if !defined STDC_HEADERS && defined HAVE_MEMORY_H
| #  include <memory.h>
| # endif
| # include <string.h>
| #endif
| #ifdef HAVE_STRINGS_H
| # include <strings.h>
| #endif
| #ifdef HAVE_INTTYPES_H
| # include <inttypes.h>
| #endif
| #ifdef HAVE_STDINT_H
| # include <stdint.h>
| #endif
| #ifdef HAVE_UNISTD_H
| # include <unistd.h>
| #endif
| #include <GLUT/glut.h>
configure:20643: result: no
configure:20643: checking GLUT/glut.h presence
configure:20643: arm-linux-gnueabihf-gcc -E   conftest.c
conftest.c:95:10: fatal error: GLUT/glut.h: No such file or directory
   95 | #include <GLUT/glut.h>
      |          ^~~~~~~~~~~~~
compilation terminated.
configure:20643: $? = 1
configure: failed program was:
| /* confdefs.h */
| #define PACKAGE_NAME "LibTIFF Software"
| #define PACKAGE_TARNAME "tiff"
| #define PACKAGE_VERSION "4.0.6"
| #define PACKAGE_STRING "LibTIFF Software 4.0.6"
| #define PACKAGE_BUGREPORT "tiff@lists.maptools.org"
| #define PACKAGE_URL ""
| #define PACKAGE "tiff"
| #define VERSION "4.0.6"
| #define STDC_HEADERS 1
| #define HAVE_SYS_TYPES_H 1
| #define HAVE_SYS_STAT_H 1
| #define HAVE_STDLIB_H 1
| #define HAVE_STRING_H 1
| #define HAVE_MEMORY_H 1
| #define HAVE_STRINGS_H 1
| #define HAVE_INTTYPES_H 1
| #define HAVE_STDINT_H 1
| #define HAVE_UNISTD_H 1
| #define HAVE_DLFCN_H 1
| #define LT_OBJDIR ".libs/"
| #define HAVE_ASSERT_H 1
| #define HAVE_FCNTL_H 1
| #define HAVE_LIMITS_H 1
| #define HAVE_MALLOC_H 1
| #define HAVE_SEARCH_H 1
| #define HAVE_SYS_TIME_H 1
| #define HAVE_UNISTD_H 1
| #define TIME_WITH_SYS_TIME 1
| #define HAVE_FSEEKO 1
| #define HAVE_DECL_OPTARG 1
| #define SIZEOF_SIGNED_SHORT 2
| #define SIZEOF_UNSIGNED_SHORT 2
| #define SIZEOF_SIGNED_INT 4
| #define SIZEOF_UNSIGNED_INT 4
| #define SIZEOF_SIGNED_LONG 4
| #define SIZEOF_UNSIGNED_LONG 4
| #define SIZEOF_SIGNED_LONG_LONG 8
| #define SIZEOF_UNSIGNED_LONG_LONG 8
| #define SIZEOF_UNSIGNED_CHAR_P 4
| #define SIZEOF_SIZE_T 4
| #define TIFF_INT8_T signed char
| #define TIFF_UINT8_T unsigned char
| #define TIFF_INT16_T signed short
| #define TIFF_UINT16_T unsigned short
| #define TIFF_INT32_T signed int
| #define TIFF_INT32_FORMAT "%d"
| #define TIFF_UINT32_T unsigned int
| #define TIFF_UINT32_FORMAT "%u"
| #define TIFF_INT64_T signed long long
| #define TIFF_INT64_FORMAT "%lld"
| #define TIFF_UINT64_T unsigned long long
| #define TIFF_UINT64_FORMAT "%llu"
| #define TIFF_SIZE_T unsigned int
| #define TIFF_SIZE_FORMAT "%u"
| #define TIFF_SSIZE_T signed int
| #define TIFF_SSIZE_FORMAT "%d"
| #define TIFF_PTRDIFF_T ptrdiff_t
| #define TIFF_PTRDIFF_FORMAT "%ld"
| #define HAVE_FLOOR 1
| #define HAVE_ISASCII 1
| #define HAVE_MEMMOVE 1
| #define HAVE_MEMSET 1
| #define HAVE_MMAP 1
| #define HAVE_POW 1
| #define HAVE_SNPRINTF 1
| #define HAVE_SQRT 1
| #define HAVE_STRCHR 1
| #define HAVE_STRRCHR 1
| #define HAVE_STRSTR 1
| #define HAVE_STRTOL 1
| #define HAVE_STRTOUL 1
| #define HAVE_STRTOULL 1
| #define HAVE_GETOPT 1
| #define HAVE_SNPRINTF 1
| #define HAVE_STRCASECMP 1
| #define HAVE_STRTOUL 1
| #define HAVE_STRTOULL 1
| #define HAVE_LFIND 1
| #define HOST_FILLORDER FILLORDER_MSB2LSB
| #define HOST_BIGENDIAN 0
| #define HAVE_IEEEFP 1
| #define CCITT_SUPPORT 1
| #define PACKBITS_SUPPORT 1
| #define LZW_SUPPORT 1
| #define THUNDER_SUPPORT 1
| #define NEXT_SUPPORT 1
| #define LOGLUV_SUPPORT 1
| #define MDI_SUPPORT 1
| #define CXX_SUPPORT 1
| #define X_DISPLAY_MISSING 1
| #define HAVE_PTHREAD 1
| #define HAVE_GL_GL_H 1
| /* end confdefs.h.  */
| #include <GLUT/glut.h>
configure:20643: result: no
configure:20643: checking for GLUT/glut.h
configure:20643: result: no
configure:20664: checking for GLUT library
configure:20709: arm-linux-gnueabihf-gcc -o conftest  -Wall -W    conftest.c -lglut32  -lm  >&5
conftest.c:104:5: error: #error no glut.h
  104 | #   error no glut.h
      |     ^~~~~
conftest.c: In function 'main':
conftest.c:109:1: error: implicit declaration of function 'glutMainLoop' [-Wimplicit-function-declaration]
  109 | glutMainLoop()
      | ^~~~~~~~~~~~
configure:20709: $? = 1
configure: failed program was:
| /* confdefs.h */
| #define PACKAGE_NAME "LibTIFF Software"
| #define PACKAGE_TARNAME "tiff"
| #define PACKAGE_VERSION "4.0.6"
| #define PACKAGE_STRING "LibTIFF Software 4.0.6"
| #define PACKAGE_BUGREPORT "tiff@lists.maptools.org"
| #define PACKAGE_URL ""
| #define PACKAGE "tiff"
| #define VERSION "4.0.6"
| #define STDC_HEADERS 1
| #define HAVE_SYS_TYPES_H 1
| #define HAVE_SYS_STAT_H 1
| #define HAVE_STDLIB_H 1
| #define HAVE_STRING_H 1
| #define HAVE_MEMORY_H 1
| #define HAVE_STRINGS_H 1
| #define HAVE_INTTYPES_H 1
| #define HAVE_STDINT_H 1
| #define HAVE_UNISTD_H 1
| #define HAVE_DLFCN_H 1
| #define LT_OBJDIR ".libs/"
| #define HAVE_ASSERT_H 1
| #define HAVE_FCNTL_H 1
| #define HAVE_LIMITS_H 1
| #define HAVE_MALLOC_H 1
| #define HAVE_SEARCH_H 1
| #define HAVE_SYS_TIME_H 1
| #define HAVE_UNISTD_H 1
| #define TIME_WITH_SYS_TIME 1
| #define HAVE_FSEEKO 1
| #define HAVE_DECL_OPTARG 1
| #define SIZEOF_SIGNED_SHORT 2
| #define SIZEOF_UNSIGNED_SHORT 2
| #define SIZEOF_SIGNED_INT 4
| #define SIZEOF_UNSIGNED_INT 4
| #define SIZEOF_SIGNED_LONG 4
| #define SIZEOF_UNSIGNED_LONG 4
| #define SIZEOF_SIGNED_LONG_LONG 8
| #define SIZEOF_UNSIGNED_LONG_LONG 8
| #define SIZEOF_UNSIGNED_CHAR_P 4
| #define SIZEOF_SIZE_T 4
| #define TIFF_INT8_T signed char
| #define TIFF_UINT8_T unsigned char
| #define TIFF_INT16_T signed short
| #define TIFF_UINT16_T unsigned short
| #define TIFF_INT32_T signed int
| #define TIFF_INT32_FORMAT "%d"
| #define TIFF_UINT32_T unsigned int
| #define TIFF_UINT32_FORMAT "%u"
| #define TIFF_INT64_T signed long long
| #define TIFF_INT64_FORMAT "%lld"
| #define TIFF_UINT64_T unsigned long long
| #define TIFF_UINT64_FORMAT "%llu"
| #define TIFF_SIZE_T unsigned int
| #define TIFF_SIZE_FORMAT "%u"
| #define TIFF_SSIZE_T signed int
| #define TIFF_SSIZE_FORMAT "%d"
| #define TIFF_PTRDIFF_T ptrdiff_t
| #define TIFF_PTRDIFF_FORMAT "%ld"
| #define HAVE_FLOOR 1
| #define HAVE_ISASCII 1
| #define HAVE_MEMMOVE 1
| #define HAVE_MEMSET 1
| #define HAVE_MMAP 1
| #define HAVE_POW 1
| #define HAVE_SNPRINTF 1
| #define HAVE_SQRT 1
| #define HAVE_STRCHR 1
| #define HAVE_STRRCHR 1
| #define HAVE_STRSTR 1
| #define HAVE_STRTOL 1
| #define HAVE_STRTOUL 1
| #define HAVE_STRTOULL 1
| #define HAVE_GETOPT 1
| #define HAVE_SNPRINTF 1
| #define HAVE_STRCASECMP 1
| #define HAVE_STRTOUL 1
| #define HAVE_STRTOULL 1
| #define HAVE_LFIND 1
| #define HOST_FILLORDER FILLORDER_MSB2LSB
| #define HOST_BIGENDIAN 0
| #define HAVE_IEEEFP 1
| #define CCITT_SUPPORT 1
| #define PACKBITS_SUPPORT 1
| #define LZW_SUPPORT 1
| #define THUNDER_SUPPORT 1
| #define NEXT_SUPPORT 1
| #define LOGLUV_SUPPORT 1
| #define MDI_SUPPORT 1
| #define CXX_SUPPORT 1
| #define X_DISPLAY_MISSING 1
| #define HAVE_PTHREAD 1
| #define HAVE_GL_GL_H 1
| /* end confdefs.h.  */
| 
| # if HAVE_WINDOWS_H && defined(_WIN32)
| #   include <windows.h>
| # endif
| # ifdef HAVE_GL_GLUT_H
| #   include <GL/glut.h>
| # elif defined(HAVE_GLUT_GLUT_H)
| #   include <GLUT/glut.h>
| # else
| #   error no glut.h
| # endif
| int
| main ()
| {
| glutMainLoop()
|   ;
|   return 0;
| }
configure:20709: arm-linux-gnueabihf-gcc -o conftest  -Wall -W    conftest.c -lglut  -lm  >&5
conftest.c:104:5: error: #error no glut.h
  104 | #   error no glut.h
      |     ^~~~~
conftest.c: In function 'main':
conftest.c:109:1: error: implicit declaration of function 'glutMainLoop' [-Wimplicit-function-declaration]
  109 | glutMainLoop()
      | ^~~~~~~~~~~~
configure:20709: $? = 1
configure: failed program was:
| /* confdefs.h */
| #define PACKAGE_NAME "LibTIFF Software"
| #define PACKAGE_TARNAME "tiff"
| #define PACKAGE_VERSION "4.0.6"
| #define PACKAGE_STRING "LibTIFF Software 4.0.6"
| #define PACKAGE_BUGREPORT "tiff@lists.maptools.org"
| #define PACKAGE_URL ""
| #define PACKAGE "tiff"
| #define VERSION "4.0.6"
| #define STDC_HEADERS 1
| #define HAVE_SYS_TYPES_H 1
| #define HAVE_SYS_STAT_H 1
| #define HAVE_STDLIB_H 1
| #define HAVE_STRING_H 1
| #define HAVE_MEMORY_H 1
| #define HAVE_STRINGS_H 1
| #define HAVE_INTTYPES_H 1
| #define HAVE_STDINT_H 1
| #define HAVE_UNISTD_H 1
| #define HAVE_DLFCN_H 1
| #define LT_OBJDIR ".libs/"
| #define HAVE_ASSERT_H 1
| #define HAVE_FCNTL_H 1
| #define HAVE_LIMITS_H 1
| #define HAVE_MALLOC_H 1
| #define HAVE_SEARCH_H 1
| #define HAVE_SYS_TIME_H 1
| #define HAVE_UNISTD_H 1
| #define TIME_WITH_SYS_TIME 1
| #define HAVE_FSEEKO 1
| #define HAVE_DECL_OPTARG 1
| #define SIZEOF_SIGNED_SHORT 2
| #define SIZEOF_UNSIGNED_SHORT 2
| #define SIZEOF_SIGNED_INT 4
| #define SIZEOF_UNSIGNED_INT 4
| #define SIZEOF_SIGNED_LONG 4
| #define SIZEOF_UNSIGNED_LONG 4
| #define SIZEOF_SIGNED_LONG_LONG 8
| #define SIZEOF_UNSIGNED_LONG_LONG 8
| #define SIZEOF_UNSIGNED_CHAR_P 4
| #define SIZEOF_SIZE_T 4
| #define TIFF_INT8_T signed char
| #define TIFF_UINT8_T unsigned char
| #define TIFF_INT16_T signed short
| #define TIFF_UINT16_T unsigned short
| #define TIFF_INT32_T signed int
| #define TIFF_INT32_FORMAT "%d"
| #define TIFF_UINT32_T unsigned int
| #define TIFF_UINT32_FORMAT "%u"
| #define TIFF_INT64_T signed long long
| #define TIFF_INT64_FORMAT "%lld"
| #define TIFF_UINT64_T unsigned long long
| #define TIFF_UINT64_FORMAT "%llu"
| #define TIFF_SIZE_T unsigned int
| #define TIFF_SIZE_FORMAT "%u"
| #define TIFF_SSIZE_T signed int
| #define TIFF_SSIZE_FORMAT "%d"
| #define TIFF_PTRDIFF_T ptrdiff_t
| #define TIFF_PTRDIFF_FORMAT "%ld"
| #define HAVE_FLOOR 1
| #define HAVE_ISASCII 1
| #define HAVE_MEMMOVE 1
| #define HAVE_MEMSET 1
| #define HAVE_MMAP 1
| #define HAVE_POW 1
| #define HAVE_SNPRINTF 1
| #define HAVE_SQRT 1
| #define HAVE_STRCHR 1
| #define HAVE_STRRCHR 1
| #define HAVE_STRSTR 1
| #define HAVE_STRTOL 1
| #define HAVE_STRTOUL 1
| #define HAVE_STRTOULL 1
| #define HAVE_GETOPT 1
| #define HAVE_SNPRINTF 1
| #define HAVE_STRCASECMP 1
| #define HAVE_STRTOUL 1
| #define HAVE_STRTOULL 1
| #define HAVE_LFIND 1
| #define HOST_FILLORDER FILLORDER_MSB2LSB
| #define HOST_BIGENDIAN 0
| #define HAVE_IEEEFP 1
| #define CCITT_SUPPORT 1
| #define PACKBITS_SUPPORT 1
| #define LZW_SUPPORT 1
| #define THUNDER_SUPPORT 1
| #define NEXT_SUPPORT 1
| #define LOGLUV_SUPPORT 1
| #define MDI_SUPPORT 1
| #define CXX_SUPPORT 1
| #define X_DISPLAY_MISSING 1
| #define HAVE_PTHREAD 1
| #define HAVE_GL_GL_H 1
| /* end confdefs.h.  */
| 
| # if HAVE_WINDOWS_H && defined(_WIN32)
| #   include <windows.h>
| # endif
| # ifdef HAVE_GL_GLUT_H
| #   include <GL/glut.h>
| # elif defined(HAVE_GLUT_GLUT_H)
| #   include <GLUT/glut.h>
| # else
| #   error no glut.h
| # endif
| int
| main ()
| {
| glutMainLoop()
|   ;
|   return 0;
| }
configure:20739: arm-linux-gnueabihf-gcc -o conftest  -Wall -W    conftest.c -framework GLUT >&5
arm-linux-gnueabihf-gcc: error: unrecognized command-line option '-framework'
configure:20739: $? = 1
configure: failed program was:
| /* confdefs.h */
| #define PACKAGE_NAME "LibTIFF Software"
| #define PACKAGE_TARNAME "tiff"
| #define PACKAGE_VERSION "4.0.6"
| #define PACKAGE_STRING "LibTIFF Software 4.0.6"
| #define PACKAGE_BUGREPORT "tiff@lists.maptools.org"
| #define PACKAGE_URL ""
| #define PACKAGE "tiff"
| #define VERSION "4.0.6"
| #define STDC_HEADERS 1
| #define HAVE_SYS_TYPES_H 1
| #define HAVE_SYS_STAT_H 1
| #define HAVE_STDLIB_H 1
| #define HAVE_STRING_H 1
| #define HAVE_MEMORY_H 1
| #define HAVE_STRINGS_H 1
| #define HAVE_INTTYPES_H 1
| #define HAVE_STDINT_H 1
| #define HAVE_UNISTD_H 1
| #define HAVE_DLFCN_H 1
| #define LT_OBJDIR ".libs/"
| #define HAVE_ASSERT_H 1
| #define HAVE_FCNTL_H 1
| #define HAVE_LIMITS_H 1
| #define HAVE_MALLOC_H 1
| #define HAVE_SEARCH_H 1
| #define HAVE_SYS_TIME_H 1
| #define HAVE_UNISTD_H 1
| #define TIME_WITH_SYS_TIME 1
| #define HAVE_FSEEKO 1
| #define HAVE_DECL_OPTARG 1
| #define SIZEOF_SIGNED_SHORT 2
| #define SIZEOF_UNSIGNED_SHORT 2
| #define SIZEOF_SIGNED_INT 4
| #define SIZEOF_UNSIGNED_INT 4
| #define SIZEOF_SIGNED_LONG 4
| #define SIZEOF_UNSIGNED_LONG 4
| #define SIZEOF_SIGNED_LONG_LONG 8
| #define SIZEOF_UNSIGNED_LONG_LONG 8
| #define SIZEOF_UNSIGNED_CHAR_P 4
| #define SIZEOF_SIZE_T 4
| #define TIFF_INT8_T signed char
| #define TIFF_UINT8_T unsigned char
| #define TIFF_INT16_T signed short
| #define TIFF_UINT16_T unsigned short
| #define TIFF_INT32_T signed int
| #define TIFF_INT32_FORMAT "%d"
| #define TIFF_UINT32_T unsigned int
| #define TIFF_UINT32_FORMAT "%u"
| #define TIFF_INT64_T signed long long
| #define TIFF_INT64_FORMAT "%lld"
| #define TIFF_UINT64_T unsigned long long
| #define TIFF_UINT64_FORMAT "%llu"
| #define TIFF_SIZE_T unsigned int
| #define TIFF_SIZE_FORMAT "%u"
| #define TIFF_SSIZE_T signed int
| #define TIFF_SSIZE_FORMAT "%d"
| #define TIFF_PTRDIFF_T ptrdiff_t
| #define TIFF_PTRDIFF_FORMAT "%ld"
| #define HAVE_FLOOR 1
| #define HAVE_ISASCII 1
| #define HAVE_MEMMOVE 1
| #define HAVE_MEMSET 1
| #define HAVE_MMAP 1
| #define HAVE_POW 1
| #define HAVE_SNPRINTF 1
| #define HAVE_SQRT 1
| #define HAVE_STRCHR 1
| #define HAVE_STRRCHR 1
| #define HAVE_STRSTR 1
| #define HAVE_STRTOL 1
| #define HAVE_STRTOUL 1
| #define HAVE_STRTOULL 1
| #define HAVE_GETOPT 1
| #define HAVE_SNPRINTF 1
| #define HAVE_STRCASECMP 1
| #define HAVE_STRTOUL 1
| #define HAVE_STRTOULL 1
| #define HAVE_LFIND 1
| #define HOST_FILLORDER FILLORDER_MSB2LSB
| #define HOST_BIGENDIAN 0
| #define HAVE_IEEEFP 1
| #define CCITT_SUPPORT 1
| #define PACKBITS_SUPPORT 1
| #define LZW_SUPPORT 1
| #define THUNDER_SUPPORT 1
| #define NEXT_SUPPORT 1
| #define LOGLUV_SUPPORT 1
| #define MDI_SUPPORT 1
| #define CXX_SUPPORT 1
| #define X_DISPLAY_MISSING 1
| #define HAVE_PTHREAD 1
| #define HAVE_GL_GL_H 1
| /* end confdefs.h.  */
| 
| # if HAVE_WINDOWS_H && defined(_WIN32)
| #   include <windows.h>
| # endif
| # ifdef HAVE_GL_GLUT_H
| #   include <GL/glut.h>
| # elif defined(HAVE_GLUT_GLUT_H)
| #   include <GLUT/glut.h>
| # else
| #   error no glut.h
| # endif
| int
| main ()
| {
| glutMainLoop()
|   ;
|   return 0;
| }
configure:20755: result: no
configure:21033: checking that generated files are newer than configure
configure:21039: result: done
configure:21103: creating ./config.status

## ---------------------- ##
## Running config.status. ##
## ---------------------- ##

This file was extended by LibTIFF Software config.status 4.0.6, which was
generated by GNU Autoconf 2.69.  Invocation command line was

  CONFIG_FILES    = 
  CONFIG_HEADERS  = 
  CONFIG_LINKS    = 
  CONFIG_COMMANDS = 
  $ ./config.status 

on Kubuntu

config.status:1292: creating Makefile
config.status:1292: creating build/Makefile
config.status:1292: creating contrib/Makefile
config.status:1292: creating contrib/addtiffo/Makefile
config.status:1292: creating contrib/dbs/Makefile
config.status:1292: creating contrib/dbs/xtiff/Makefile
config.status:1292: creating contrib/iptcutil/Makefile
config.status:1292: creating contrib/mfs/Makefile
config.status:1292: creating contrib/pds/Makefile
config.status:1292: creating contrib/ras/Makefile
config.status:1292: creating contrib/stream/Makefile
config.status:1292: creating contrib/tags/Makefile
config.status:1292: creating contrib/win_dib/Makefile
config.status:1292: creating html/Makefile
config.status:1292: creating html/images/Makefile
config.status:1292: creating html/man/Makefile
config.status:1292: creating libtiff-4.pc
config.status:1292: creating libtiff/Makefile
config.status:1292: creating man/Makefile
config.status:1292: creating port/Makefile
config.status:1292: creating test/Makefile
config.status:1292: creating tools/Makefile
config.status:1292: creating libtiff/tif_config.h
config.status:1292: creating libtiff/tiffconf.h
config.status:1521: executing depfiles commands
config.status:1521: executing libtool commands

## ---------------- ##
## Cache variables. ##
## ---------------- ##

ac_cv_build=x86_64-unknown-linux-gnu
ac_cv_c_bigendian=no
ac_cv_c_compiler_gnu=yes
ac_cv_c_const=yes
ac_cv_c_inline=inline
ac_cv_cxx_compiler_gnu=yes
ac_cv_env_CCC_set=
ac_cv_env_CCC_value=
ac_cv_env_CC_set=set
ac_cv_env_CC_value=arm-linux-gnueabihf-gcc
ac_cv_env_CFLAGS_set=set
ac_cv_env_CFLAGS_value=
ac_cv_env_CPPFLAGS_set=
ac_cv_env_CPPFLAGS_value=
ac_cv_env_CPP_set=
ac_cv_env_CPP_value=
ac_cv_env_CXXCPP_set=
ac_cv_env_CXXCPP_value=
ac_cv_env_CXXFLAGS_set=
ac_cv_env_CXXFLAGS_value=
ac_cv_env_CXX_set=set
ac_cv_env_CXX_value=arm-linux-gnueabihf-g++
ac_cv_env_LDFLAGS_set=set
ac_cv_env_LDFLAGS_value=
ac_cv_env_LIBS_set=
ac_cv_env_LIBS_value=
ac_cv_env_LT_SYS_LIBRARY_PATH_set=
ac_cv_env_LT_SYS_LIBRARY_PATH_value=
ac_cv_env_XMKMF_set=
ac_cv_env_XMKMF_value=
ac_cv_env_build_alias_set=
ac_cv_env_build_alias_value=
ac_cv_env_host_alias_set=set
ac_cv_env_host_alias_value=arm-linux-gnueabihf
ac_cv_env_target_alias_set=
ac_cv_env_target_alias_value=
ac_cv_func_floor=yes
ac_cv_func_getopt=yes
ac_cv_func_isascii=yes
ac_cv_func_lfind=yes
ac_cv_func_memmove=yes
ac_cv_func_memset=yes
ac_cv_func_mmap=yes
ac_cv_func_pow=yes
ac_cv_func_setmode=no
ac_cv_func_snprintf=yes
ac_cv_func_sqrt=yes
ac_cv_func_strcasecmp=yes
ac_cv_func_strchr=yes
ac_cv_func_strrchr=yes
ac_cv_func_strstr=yes
ac_cv_func_strtol=yes
ac_cv_func_strtoul=yes
ac_cv_func_strtoull=yes
ac_cv_have_decl_optarg=yes
ac_cv_have_x=have_x=no
ac_cv_header_GLUT_glut_h=no
ac_cv_header_GL_gl_h=yes
ac_cv_header_GL_glu_h=no
ac_cv_header_GL_glut_h=no
ac_cv_header_OpenGL_gl_h=no
ac_cv_header_OpenGL_glu_h=no
ac_cv_header_assert_h=yes
ac_cv_header_dlfcn_h=yes
ac_cv_header_fcntl_h=yes
ac_cv_header_inttypes_h=yes
ac_cv_header_io_h=no
ac_cv_header_jpeglib_h=no
ac_cv_header_limits_h=yes
ac_cv_header_lzma_h=no
ac_cv_header_malloc_h=yes
ac_cv_header_memory_h=yes
ac_cv_header_search_h=yes
ac_cv_header_stdc=yes
ac_cv_header_stdint_h=yes
ac_cv_header_stdlib_h=yes
ac_cv_header_string_h=yes
ac_cv_header_strings_h=yes
ac_cv_header_sys_stat_h=yes
ac_cv_header_sys_time_h=yes
ac_cv_header_sys_types_h=yes
ac_cv_header_time=yes
ac_cv_header_unistd_h=yes
ac_cv_header_windows_h=no
ac_cv_host=arm-unknown-linux-gnueabihf
ac_cv_lib_jpeg_jpeg_read_scanlines=no
ac_cv_lib_lzma_lzma_code=no
ac_cv_lib_m_sin=yes
ac_cv_objext=o
ac_cv_path_CMAKE=/usr/bin/cmake
ac_cv_path_EGREP='/usr/bin/grep -E'
ac_cv_path_FGREP='/usr/bin/grep -F'
ac_cv_path_GREP=/usr/bin/grep
ac_cv_path_SED=/usr/bin/sed
ac_cv_path_install='/usr/bin/install -c'
ac_cv_path_lt_DD=/usr/bin/dd
ac_cv_prog_AR=arm-linux-gnueabihf-ar
ac_cv_prog_AWK=mawk
ac_cv_prog_CC=arm-linux-gnueabihf-gcc
ac_cv_prog_CPP='arm-linux-gnueabihf-gcc -E'
ac_cv_prog_CXXCPP='arm-linux-gnueabihf-g++ -E'
ac_cv_prog_OBJDUMP=arm-linux-gnueabihf-objdump
ac_cv_prog_RANLIB=arm-linux-gnueabihf-ranlib
ac_cv_prog_STRIP=arm-linux-gnueabihf-strip
ac_cv_prog_ac_ct_MANIFEST_TOOL=mt
ac_cv_prog_cc_c89=
ac_cv_prog_cc_g=yes
ac_cv_prog_cxx_g=yes
ac_cv_prog_make_make_set=yes
ac_cv_sizeof_signed_int=4
ac_cv_sizeof_signed_long=4
ac_cv_sizeof_signed_long_long=8
ac_cv_sizeof_signed_short=2
ac_cv_sizeof_size_t=4
ac_cv_sizeof_unsigned_char_p=4
ac_cv_sizeof_unsigned_int=4
ac_cv_sizeof_unsigned_long=4
ac_cv_sizeof_unsigned_long_long=8
ac_cv_sizeof_unsigned_short=2
ac_cv_struct_tm=time.h
ac_cv_sys_file_offset_bits=no
ac_cv_sys_largefile_CC=no
ac_cv_sys_largefile_source=no
ac_cv_type_int16=no
ac_cv_type_int32=no
ac_cv_type_int8=no
ac_cv_type_off_t=yes
ac_cv_type_ptrdiff_t=yes
ac_cv_type_size_t=yes
am_cv_CC_dependencies_compiler_type=gcc3
am_cv_CXX_dependencies_compiler_type=gcc3
am_cv_make_support_nested_variables=yes
am_cv_prog_cc_c_o=yes
am_cv_prog_tar_pax=gnutar
ax_cv_c_compiler_ms=no
ax_cv_check_gl_libgl=no
ax_cv_check_glu_libglu=no
ax_cv_check_glut_libglut=no
lt_cv_ar_at_file=@
lt_cv_archive_cmds_need_lc=no
lt_cv_deplibs_check_method=pass_all
lt_cv_file_magic_cmd='$MAGIC_CMD'
lt_cv_file_magic_test_file=
lt_cv_ld_reload_flag=-r
lt_cv_nm_interface='BSD nm'
lt_cv_objdir=.libs
lt_cv_path_LD=/usr/arm-linux-gnueabihf/bin/ld
lt_cv_path_LDCXX=/usr/arm-linux-gnueabihf/bin/ld
lt_cv_path_NM='/usr/bin/arm-linux-gnueabihf-nm -B'
lt_cv_path_mainfest_tool=no
lt_cv_prog_compiler_c_o=yes
lt_cv_prog_compiler_c_o_CXX=yes
lt_cv_prog_compiler_pic='-fPIC -DPIC'
lt_cv_prog_compiler_pic_CXX='-fPIC -DPIC'
lt_cv_prog_compiler_pic_works=yes
lt_cv_prog_compiler_pic_works_CXX=yes
lt_cv_prog_compiler_rtti_exceptions=no
lt_cv_prog_compiler_static_works=yes
lt_cv_prog_compiler_static_works_CXX=yes
lt_cv_prog_gnu_ld=yes
lt_cv_prog_gnu_ldcxx=yes
lt_cv_sharedlib_from_linklib_cmd='printf %s\n'
lt_cv_shlibpath_overrides_runpath=yes
lt_cv_sys_global_symbol_pipe='sed -n -e '\''s/^.*[	 ]\([ABCDGIRSTW][ABCDGIRSTW]*\)[	 ][	 ]*\([_A-Za-z][_A-Za-z0-9]*\)$/\1 \2 \2/p'\'' | sed '\''/ __gnu_lto/d'\'''
lt_cv_sys_global_symbol_to_c_name_address='sed -n -e '\''s/^: \(.*\) .*$/  {"\1", (void *) 0},/p'\'' -e '\''s/^[ABCDGIRSTW][ABCDGIRSTW]* .* \(.*\)$/  {"\1", (void *) \&\1},/p'\'''
lt_cv_sys_global_symbol_to_c_name_address_lib_prefix='sed -n -e '\''s/^: \(.*\) .*$/  {"\1", (void *) 0},/p'\'' -e '\''s/^[ABCDGIRSTW][ABCDGIRSTW]* .* \(lib.*\)$/  {"\1", (void *) \&\1},/p'\'' -e '\''s/^[ABCDGIRSTW][ABCDGIRSTW]* .* \(.*\)$/  {"lib\1", (void *) \&\1},/p'\'''
lt_cv_sys_global_symbol_to_cdecl='sed -n -e '\''s/^T .* \(.*\)$/extern int \1();/p'\'' -e '\''s/^[ABCDGIRSTW][ABCDGIRSTW]* .* \(.*\)$/extern char \1;/p'\'''
lt_cv_sys_global_symbol_to_import=
lt_cv_sys_max_cmd_len=1572864
lt_cv_to_host_file_cmd=func_convert_file_noop
lt_cv_to_tool_file_cmd=func_convert_file_noop
lt_cv_truncate_bin='/usr/bin/dd bs=4096 count=1'
vl_cv_prog_cc_warnings='-Wall -W'

## ----------------- ##
## Output variables. ##
## ----------------- ##

ACLOCAL='${SHELL} /mnt/homestorage/Projects/ArgyllCMS_ARM/tiff/config/missing aclocal-1.15'
AMDEPBACKSLASH='\'
AMDEP_FALSE='#'
AMDEP_TRUE=''
AMTAR='$${TAR-tar}'
AM_BACKSLASH='\'
AM_DEFAULT_V='$(AM_DEFAULT_VERBOSITY)'
AM_DEFAULT_VERBOSITY='1'
AM_V='$(V)'
AR='arm-linux-gnueabihf-ar'
AS='as'
AUTOCONF='${SHELL} /mnt/homestorage/Projects/ArgyllCMS_ARM/tiff/config/missing autoconf'
AUTOHEADER='${SHELL} /mnt/homestorage/Projects/ArgyllCMS_ARM/tiff/config/missing autoheader'
AUTOMAKE='${SHELL} /mnt/homestorage/Projects/ArgyllCMS_ARM/tiff/config/missing automake-1.15'
AWK='mawk'
CC='arm-linux-gnueabihf-gcc'
CCDEPMODE='depmode=gcc3'
CFLAGS=' -Wall -W'
CMAKE='/usr/bin/cmake'
CPP='arm-linux-gnueabihf-gcc -E'
CPPFLAGS=''
CXX='arm-linux-gnueabihf-g++'
CXXCPP='arm-linux-gnueabihf-g++ -E'
CXXDEPMODE='depmode=gcc3'
CXXFLAGS='-g -O2'
CYGPATH_W='echo'
DEFS='-DHAVE_CONFIG_H'
DEPDIR='.deps'
DLLTOOL='false'
DSYMUTIL=''
DUMPBIN=''
ECHO_C=''
ECHO_N='-n'
ECHO_T=''
EGREP='/usr/bin/grep -E'
EXEEXT=''
FGREP='/usr/bin/grep -F'
GLUT_CFLAGS=''
GLUT_LIBS=''
GLU_CFLAGS=''
GLU_LIBS=''
GL_CFLAGS=''
GL_LIBS=''
GREP='/usr/bin/grep'
HAVE_CXX_FALSE='#'
HAVE_CXX_TRUE=''
HAVE_JBIG_FALSE=''
HAVE_JBIG_TRUE='#'
HAVE_JPEG_FALSE=''
HAVE_JPEG_TRUE='#'
HAVE_LD_VERSION_SCRIPT_FALSE=''
HAVE_LD_VERSION_SCRIPT_TRUE='#'
HAVE_LZMA_FALSE=''
HAVE_LZMA_TRUE='#'
HAVE_OPENGL_FALSE=''
HAVE_OPENGL_TRUE='#'
HAVE_RPATH_FALSE=''
HAVE_RPATH_TRUE='#'
INSTALL_DATA='${INSTALL} -m 644'
INSTALL_PROGRAM='${INSTALL}'
INSTALL_SCRIPT='${INSTALL}'
INSTALL_STRIP_PROGRAM='$(install_sh) -c -s'
LD='/usr/arm-linux-gnueabihf/bin/ld'
LDFLAGS=''
LIBDIR=''
LIBOBJS=''
LIBS='-lm '
LIBTIFF_ALPHA_VERSION=''
LIBTIFF_DOCDIR='${prefix}/share/doc/tiff-4.0.6'
LIBTIFF_MAJOR_VERSION='4'
LIBTIFF_MICRO_VERSION='6'
LIBTIFF_MINOR_VERSION='0'
LIBTIFF_RELEASE_DATE='20260427'
LIBTIFF_VERSION='4.0.6'
LIBTIFF_VERSION_INFO='7:4:2'
LIBTOOL='$(SHELL) $(top_builddir)/libtool'
LIPO=''
LN_S='ln'
LTLIBOBJS=''
LT_SYS_LIBRARY_PATH=''
MAINT='#'
MAINTAINER_MODE_FALSE=''
MAINTAINER_MODE_TRUE='#'
MAKEINFO='${SHELL} /mnt/homestorage/Projects/ArgyllCMS_ARM/tiff/config/missing makeinfo'
MANIFEST_TOOL=':'
MKDIR_P='config/install-sh -c -d'
NM='/usr/bin/arm-linux-gnueabihf-nm -B'
NMEDIT=''
OBJDUMP='arm-linux-gnueabihf-objdump'
OBJEXT='o'
OTOOL64=''
OTOOL=''
PACKAGE='tiff'
PACKAGE_BUGREPORT='tiff@lists.maptools.org'
PACKAGE_NAME='LibTIFF Software'
PACKAGE_STRING='LibTIFF Software 4.0.6'
PACKAGE_TARNAME='tiff'
PACKAGE_URL=''
PACKAGE_VERSION='4.0.6'
PATH_SEPARATOR=':'
PTHREAD_CC='arm-linux-gnueabihf-gcc'
PTHREAD_CFLAGS=''
PTHREAD_LIBS=''
RANLIB='arm-linux-gnueabihf-ranlib'
SED='/usr/bin/sed'
SET_MAKE=''
SHELL='/bin/bash'
STRIP='arm-linux-gnueabihf-strip'
VERSION='4.0.6'
WIN32_IO_FALSE=''
WIN32_IO_TRUE='#'
XMKMF=''
X_CFLAGS=''
X_EXTRA_LIBS=''
X_LIBS=''
X_PRE_LIBS=''
ac_ct_AR=''
ac_ct_CC=''
ac_ct_CXX=''
ac_ct_DUMPBIN=''
am__EXEEXT_FALSE=''
am__EXEEXT_TRUE='#'
am__fastdepCC_FALSE='#'
am__fastdepCC_TRUE=''
am__fastdepCXX_FALSE='#'
am__fastdepCXX_TRUE=''
am__include='include'
am__isrc=''
am__leading_dot='.'
am__nodep='_no'
am__quote=''
am__tar='tar --format=posix -chf - "$$tardir"'
am__untar='tar -xf -'
ax_pthread_config=''
bindir='${exec_prefix}/bin'
build='x86_64-unknown-linux-gnu'
build_alias=''
build_cpu='x86_64'
build_os='linux-gnu'
build_vendor='unknown'
datadir='${datarootdir}'
datarootdir='${prefix}/share'
docdir='${datarootdir}/doc/${PACKAGE_TARNAME}'
dvidir='${docdir}'
exec_prefix='${prefix}'
host='arm-unknown-linux-gnueabihf'
host_alias='arm-linux-gnueabihf'
host_cpu='arm'
host_os='linux-gnueabihf'
host_vendor='unknown'
htmldir='${docdir}'
includedir='${prefix}/include'
infodir='${datarootdir}/info'
install_sh='${SHELL} /mnt/homestorage/Projects/ArgyllCMS_ARM/tiff/config/install-sh'
libdir='${exec_prefix}/lib'
libexecdir='${exec_prefix}/libexec'
localedir='${datarootdir}/locale'
localstatedir='${prefix}/var'
mandir='${datarootdir}/man'
mkdir_p='$(MKDIR_P)'
oldincludedir='/usr/include'
pdfdir='${docdir}'
prefix='/usr/local'
program_transform_name='s,x,x,'
psdir='${docdir}'
sbindir='${exec_prefix}/sbin'
sharedstatedir='${prefix}/com'
sysconfdir='${prefix}/etc'
target_alias=''
tiff_libs_private='-lm '

## ----------- ##
## confdefs.h. ##
## ----------- ##

/* confdefs.h */
#define PACKAGE_NAME "LibTIFF Software"
#define PACKAGE_TARNAME "tiff"
#define PACKAGE_VERSION "4.0.6"
#define PACKAGE_STRING "LibTIFF Software 4.0.6"
#define PACKAGE_BUGREPORT "tiff@lists.maptools.org"
#define PACKAGE_URL ""
#define PACKAGE "tiff"
#define VERSION "4.0.6"
#define STDC_HEADERS 1
#define HAVE_SYS_TYPES_H 1
#define HAVE_SYS_STAT_H 1
#define HAVE_STDLIB_H 1
#define HAVE_STRING_H 1
#define HAVE_MEMORY_H 1
#define HAVE_STRINGS_H 1
#define HAVE_INTTYPES_H 1
#define HAVE_STDINT_H 1
#define HAVE_UNISTD_H 1
#define HAVE_DLFCN_H 1
#define LT_OBJDIR ".libs/"
#define HAVE_ASSERT_H 1
#define HAVE_FCNTL_H 1
#define HAVE_LIMITS_H 1
#define HAVE_MALLOC_H 1
#define HAVE_SEARCH_H 1
#define HAVE_SYS_TIME_H 1
#define HAVE_UNISTD_H 1
#define TIME_WITH_SYS_TIME 1
#define HAVE_FSEEKO 1
#define HAVE_DECL_OPTARG 1
#define SIZEOF_SIGNED_SHORT 2
#define SIZEOF_UNSIGNED_SHORT 2
#define SIZEOF_SIGNED_INT 4
#define SIZEOF_UNSIGNED_INT 4
#define SIZEOF_SIGNED_LONG 4
#define SIZEOF_UNSIGNED_LONG 4
#define SIZEOF_SIGNED_LONG_LONG 8
#define SIZEOF_UNSIGNED_LONG_LONG 8
#define SIZEOF_UNSIGNED_CHAR_P 4
#define SIZEOF_SIZE_T 4
#define TIFF_INT8_T signed char
#define TIFF_UINT8_T unsigned char
#define TIFF_INT16_T signed short
#define TIFF_UINT16_T unsigned short
#define TIFF_INT32_T signed int
#define TIFF_INT32_FORMAT "%d"
#define TIFF_UINT32_T unsigned int
#define TIFF_UINT32_FORMAT "%u"
#define TIFF_INT64_T signed long long
#define TIFF_INT64_FORMAT "%lld"
#define TIFF_UINT64_T unsigned long long
#define TIFF_UINT64_FORMAT "%llu"
#define TIFF_SIZE_T unsigned int
#define TIFF_SIZE_FORMAT "%u"
#define TIFF_SSIZE_T signed int
#define TIFF_SSIZE_FORMAT "%d"
#define TIFF_PTRDIFF_T ptrdiff_t
#define TIFF_PTRDIFF_FORMAT "%ld"
#define HAVE_FLOOR 1
#define HAVE_ISASCII 1
#define HAVE_MEMMOVE 1
#define HAVE_MEMSET 1
#define HAVE_MMAP 1
#define HAVE_POW 1
#define HAVE_SNPRINTF 1
#define HAVE_SQRT 1
#define HAVE_STRCHR 1
#define HAVE_STRRCHR 1
#define HAVE_STRSTR 1
#define HAVE_STRTOL 1
#define HAVE_STRTOUL 1
#define HAVE_STRTOULL 1
#define HAVE_GETOPT 1
#define HAVE_SNPRINTF 1
#define HAVE_STRCASECMP 1
#define HAVE_STRTOUL 1
#define HAVE_STRTOULL 1
#define HAVE_LFIND 1
#define HOST_FILLORDER FILLORDER_MSB2LSB
#define HOST_BIGENDIAN 0
#define HAVE_IEEEFP 1
#define CCITT_SUPPORT 1
#define PACKBITS_SUPPORT 1
#define LZW_SUPPORT 1
#define THUNDER_SUPPORT 1
#define NEXT_SUPPORT 1
#define LOGLUV_SUPPORT 1
#define MDI_SUPPORT 1
#define CXX_SUPPORT 1
#define X_DISPLAY_MISSING 1
#define HAVE_PTHREAD 1
#define HAVE_GL_GL_H 1
#define STRIPCHOP_DEFAULT TIFF_STRIPCHOP
#define STRIP_SIZE_DEFAULT 8192
#define SUBIFD_SUPPORT 1
#define DEFAULT_EXTRASAMPLE_AS_ALPHA 1
#define CHECK_JPEG_YCBCR_SUBSAMPLING 1

configure: exit 0
